Bedrooms,Bathrooms,Floor_num,Floor_area,Price
3,4,3,1960,39000000
3,3,1,1705,16900000
3,3,6,1370,12500000
3,3,4,2125,20000000
3,3,4,2687,47500000
3,3,3,1150,8800000
3,3,8,2119,19000000
4,4,2,2318,23000000
3,3,8,1397,8000000
3,3,1,2400,20000000
3,3,3,1300,8000000
3,3,4,1300,8000000
3,3,6,1300,8000000
3,3,1,1900,21000000
3,3,5,1500,11000000
3,3,3,1450,9500000
2,2,2,750,6200000
3,3,4,2343,22000000
3,3,5,1185,11000000
3,3,4,1610,13100000
4,4,7,2180,17500000
4,4,2,3650,78000000
,,9,5000,110000000
3,3,3,2700,55000000
3,2,2,1175,8300000
2,2,1,650,3100000
3,4,1,1331,16000000
2,2,4,900,4500000
3,3,2,1350,14200000
3,3,5,1200,7500000
3,3,1,2045,23625000
3,3,1,1500,25000000
3,3,4,1410,13800000
2,2,5,650,4000000
3,3,8,1100,4700000
3,2,2,1220,5000000
3,3,5,1240,7320000
3,3,5,1700,6500000
3,3,1,1400,8500000
3,3,1,1050,4700000
,,6,16000,120000000
3,3,8,1240,8700000
3,3,1,1504,7100000
2,2,5,750,4000000
2,2,7,750,3500000
,,,1980,18000000
3,5,2,1585,14000000
3,3,8,1485,13200000
3,3,5,1545,14000000
3,3,6,1050,8200000
16,10,,5600,32500000
2,2,5,900,4100000
3,3,3,1340,6200000
3,3,7,1400,11500000
3,3,3,1275,8000000
,,3,1245,15500000
2,2,5,1050,4800000
2,2,5,850,5500000
3,4,2,1440,7300000
2,3,5,948,7000000
4,4,5,2644,35000000
2,2,6,800,6950000
4,4,5,2000,22000000
3,3,4,1593,21500000
3,2,6,1220,5000000
2,2,1,1040,6500000
3,3,4,1620,16500000
3,3,4,1550,14500000
2,2,5,1000,5500000
,,3,1840,46000000
2,2,2,740,4000000
3,3,6,1250,7800000
3,3,5,1430,12000000
3,3,1,1690,14800000
3,3,1,1330,7900000
3,3,2,1230,7400000
3,3,7,1700,17000000
3,3,6,1300,8000000
3,2,6,1175,6300000
3,3,6,1265,8500000
3,2,7,1000,5700000
3,3,1,1554,11500000
3,3,8,1570,5600000
3,2,5,1050,4500000
2,2,6,815,4200000
4,5,7,2553,38000000
3,3,6,1590,11200000
4,4,4,2000,21500000
2,2,4,800,8600000
3,4,3,1960,39000000
3,3,1,1705,16900000
3,3,6,1370,12500000
3,3,4,2125,20000000
3,3,4,2687,47500000
3,3,3,1150,8800000
3,3,8,2119,19000000
4,4,2,2318,23000000
3,3,8,1397,8000000
3,3,1,2400,20000000
3,3,3,1300,8000000
3,3,4,1300,8000000
3,3,6,1300,8000000
3,3,1,1900,21000000
3,3,5,1500,11000000
3,3,3,1450,9500000
2,2,2,750,6200000
3,3,4,2343,22000000
3,3,2,1350,14200000
3,3,5,1200,7500000
3,3,1,2045,23625000
3,3,1,1500,25000000
3,3,4,1410,13800000
2,2,5,650,4000000
3,3,5,1185,11000000
3,3,4,1610,13100000
4,4,7,2180,17500000
4,4,2,3650,78000000
,,9,5000,110000000
3,3,3,2700,55000000
3,2,2,1175,8300000
2,2,1,650,3100000
3,4,1,1331,16000000
2,2,4,900,4500000
3,2,2,950,6000000
2,2,6,1230,5000000
3,2,7,1150,6500000
3,2,7,1150,6500000
3,3,7,1150,6700000
3,3,2,1250,7600000
2,2,2,860,4900000
3,2,1,1050,6200000
4,4,10,3355,39000000
3,3,5,1375,12100000
,,4,21500,220000000
3,2,2,900,5000000
3,3,5,1008,4838400
3,2,3,1055,5300000
3,3,5,1800,16000000
3,3,2,1250,5250000
8,4,,2146,10500000
3,2,9,900,2900000
2,2,6,1050,3360000
3,3,2,1250,11500000
3,3,9,1675,9712500
3,3,1,1300,7500000
3,4,1,2787,29000000
4,4,9,5040,54000000
3,2,5,986,6200000
2,2,5,920,3300000
3,3,1,1275,8500000
3,3,2,2290,22500000
3,3,2,1400,7800000
3,2,4,1075,5500000
3,3,1,1300,9600000
3,3,2,1135,7500000
2,2,2,855,4702500
3,3,2,1425,9000000
3,4,4,2380,21500000
,,5,2600,31200000
4,4,4,2000,14800000
3,3,2,1600,14000000
4,4,3,2200,25000000
4,4,8,3474,45000000
3,4,9,1550,15000000
2,2,1,850,5000000
,,6,2075,29050000
3,3,3,1380,9500000
3,3,8,1350,11300000
3,3,2,1470,7000000
3,2,1,1090,5500000
3,2,7,1220,8000000
3,3,2,1550,14500000
,,,5824,300000000
3,4,5,1654,12500000
3,2,2,975,4000000
2,2,4,740,3500000
3,3,5,1370,9200000
3,2,2,950,4000000
3,3,3,1365,8540000
3,3,3,1128,7118000
3,4,3,1960,39000000
3,3,1,1705,16900000
3,3,6,1370,12500000
3,3,4,2125,20000000
3,3,4,2687,47500000
3,3,3,1150,8800000
3,3,8,2119,19000000
4,4,2,2318,23000000
3,3,8,1397,8000000
3,3,1,2400,20000000
3,3,3,1300,8000000
3,3,4,1300,8000000
3,3,6,1300,8000000
3,3,1,1900,21000000
3,3,5,1500,11000000
3,3,3,1450,9500000
2,2,2,750,6200000
3,3,4,2343,22000000
3,3,5,1185,11000000
3,3,4,1610,13100000
4,4,7,2180,17500000
4,4,2,3650,78000000
,,9,5000,110000000
3,3,3,2700,55000000
3,2,2,1175,8300000
2,2,1,650,3100000
3,4,1,1331,16000000
2,2,4,900,4500000
3,3,2,1350,14200000
3,3,5,1200,7500000
3,3,1,2045,23625000
3,3,1,1500,25000000
3,3,4,1410,13800000
2,2,5,650,4000000
3,3,8,1100,4700000
3,2,2,1220,5000000
3,3,5,1240,7320000
3,3,5,1700,6500000
3,3,1,1400,8500000
3,3,1,1050,4700000
,,6,16000,120000000
3,3,8,1240,8700000
3,3,1,1504,7100000
2,2,5,750,4000000
2,2,7,750,3500000
,,,1980,18000000
3,5,2,1585,14000000
3,3,8,1485,13200000
3,3,5,1545,14000000
3,3,6,1050,8200000
16,10,,5600,32500000
2,2,5,900,4100000
3,3,3,1340,6200000
3,3,7,1400,11500000
3,3,3,1275,8000000
,,3,1245,15500000
2,2,5,1050,4800000
2,2,5,850,5500000
3,4,2,1440,7300000
2,3,5,948,7000000
4,4,5,2644,35000000
2,2,6,800,6950000
4,4,5,2000,22000000
3,3,4,1593,21500000
3,2,6,1220,5000000
2,2,1,1040,6500000
3,3,4,1620,16500000
3,3,4,1550,14500000
2,2,5,1000,5500000
,,3,1840,46000000
2,2,2,740,4000000
3,3,6,1250,7800000
3,3,5,1430,12000000
3,3,1,1690,14800000
3,3,1,1330,7900000
3,3,2,1230,7400000
3,3,7,1700,17000000
3,3,6,1300,8000000
3,2,6,1175,6300000
3,3,6,1265,8500000
3,2,7,1000,5700000
3,3,1,1554,11500000
3,3,8,1570,5600000
3,2,5,1050,4500000
2,2,6,815,4200000
4,5,7,2553,38000000
3,3,6,1590,11200000
4,4,4,2000,21500000
2,2,4,800,8600000
3,4,3,1960,39000000
3,3,1,1705,16900000
3,3,6,1370,12500000
3,3,4,2125,20000000
3,3,4,2687,47500000
3,3,3,1150,8800000
3,3,8,2119,19000000
4,4,2,2318,23000000
3,3,8,1397,8000000
3,3,1,2400,20000000
3,3,3,1300,8000000
3,3,4,1300,8000000
3,3,6,1300,8000000
3,3,1,1900,21000000
3,3,5,1500,11000000
3,3,3,1450,9500000
2,2,2,750,6200000
3,3,4,2343,22000000
3,3,2,1350,14200000
3,3,5,1200,7500000
3,3,1,2045,23625000
3,3,1,1500,25000000
3,3,4,1410,13800000
2,2,5,650,4000000
3,3,5,1185,11000000
3,3,4,1610,13100000
4,4,7,2180,17500000
4,4,2,3650,78000000
,,9,5000,110000000
3,3,3,2700,55000000
3,2,2,1175,8300000
2,2,1,650,3100000
3,4,1,1331,16000000
2,2,4,900,4500000
3,2,2,950,6000000
2,2,6,1230,5000000
3,2,7,1150,6500000
3,2,7,1150,6500000
3,3,7,1150,6700000
3,3,2,1250,7600000
2,2,2,860,4900000
3,2,1,1050,6200000
4,4,10,3355,39000000
3,3,5,1375,12100000
,,4,21500,220000000
3,2,2,900,5000000
3,3,5,1008,4838400
3,2,3,1055,5300000
3,3,5,1800,16000000
3,3,2,1250,5250000
8,4,,2146,10500000
3,2,9,900,2900000
2,2,6,1050,3360000
3,3,2,1250,11500000
3,3,9,1675,9712500
3,3,1,1300,7500000
3,4,1,2787,29000000
4,4,9,5040,54000000
3,2,5,986,6200000
2,2,5,920,3300000
3,3,1,1275,8500000
3,3,2,2290,22500000
3,3,2,1400,7800000
3,2,4,1075,5500000
3,3,1,1300,9600000
3,3,2,1135,7500000
2,2,2,855,4702500
3,3,2,1425,9000000
3,4,4,2380,21500000
,,5,2600,31200000
4,4,4,2000,14800000
3,3,2,1600,14000000
4,4,3,2200,25000000
4,4,8,3474,45000000
3,4,9,1550,15000000
2,2,1,850,5000000
,,6,2075,29050000
3,3,3,1380,9500000
3,3,8,1350,11300000
3,3,2,1470,7000000
3,2,1,1090,5500000
3,2,7,1220,8000000
3,3,2,1550,14500000
,,,5824,300000000
3,4,5,1654,12500000
3,2,2,975,4000000
2,2,4,740,3500000
3,3,5,1370,9200000
3,2,2,950,4000000
3,3,3,1365,8540000
3,3,3,1128,7118000
3,3,6,1388,9600000
4,3,5,1530,11500000
3,3,4,1200,8700000
3,3,2,1200,8700000
3,3,7,1250,7600000
5,5,9,4350,57000000
4,4,7,2300,22000000
3,3,4,1550,9500000
3,3,1,1550,12500000
3,3,4,1550,12500000
1,1,3,350,5500000
3,3,8,1600,16000000
3,3,4,1600,16000000
3,3,3,1800,18000000
3,3,3,1439,13000000
3,3,3,1505,11500000
3,4,3,1605,17000000
3,3,5,1537,14500000
3,3,3,1700,16150000
3,3,3,1700,16150000
3,2,2,1100,6000000
3,3,4,1450,13100000
3,5,4,1815,22780000
3,3,3,1225,11000000
3,3,2,1400,7800000
3,4,4,1450,14285000
2,2,4,860,5590000
3,2,7,1085,6000000
3,3,7,1255,13805000
4,4,4,1910,13752000
2,2,5,800,3700000
3,3,1,1245,4500000
3,2,5,1250,4500000
3,2,4,1000,5100000
,,2,1900,23000000
,,,216,6000000
2,2,4,650,2200000
2,2,3,650,2300000
3,3,5,1250,11500000
3,2,5,1300,7000000
3,3,1,1500,9000000
3,4,5,1460,11000000
3,2,6,1100,3800000
2,2,3,650,3000000
3,4,4,1578,12000000
3,4,2,1584,12000000
3,3,4,1500,8800000
2,2,3,1050,5500000
3,3,6,1703,8855600
2,2,6,1000,4000000
4,4,1,2300,15000000
4,4,5,2300,15000000
,,14,2750,26125000
3,3,7,1365,7507500
3,3,9,1365,7507500
3,3,9,1365,7507500
3,3,9,1365,7507500
6,6,5,1900,10000000
3,3,5,2156,17000000
3,3,9,1300,9750000
18,10,1,8850,55000000
3,3,6,1360,10000000
,,,1250,23000000
3,3,1,1332,5594400
3,4,5,2200,20000000
,,,3262,4500000
2,2,2,850,5100000
3,2,7,1295,6500000
3,2,1,1100,9500000
3,2,5,1050,5500000
3,3,1,1425,8537500
3,3,7,1425,8537500
3,3,4,1410,7000000
2,2,6,860,4500000
3,3,2,1254,5500000
16,10,,5200,40000000
,,3,2859,35237500
3,3,2,1195,8500000
3,4,9,1800,7500000
3,3,7,1860,12000000
3,4,1,1654,8500000
3,2,3,950,3500000
4,5,13,2950,32000000
5,5,1,3700,44000000
3,2,9,1070,3800000
3,3,1,1400,7000000
4,4,2,1451,7500000
2,2,3,650,2700000
2,2,2,940,4800000
3,3,5,1554,13500000
,,1,368,11040000
3,3,5,1300,8300000
3,3,6,1300,8300000
3,2,6,1276,4000000
4,5,4,3195,34100000
3,3,5,1400,12500000
3,3,4,1320,9130000
3,3,3,1320,5000000
3,3,5,1517,11500000
4,4,5,2644,35000000
2,2,6,800,6950000
4,4,5,2000,22000000
3,3,4,1593,21500000
3,2,6,1220,5000000
2,2,1,1040,6500000
3,3,4,1620,16500000
3,3,4,1550,14500000
2,2,5,1000,5500000
,,3,1840,46000000
2,2,2,740,4000000
3,3,6,1250,7800000
3,2,5,875,5700000
,,3,1650,10000000
2,1,2,630,3500000
2,2,5,800,5300000
3,3,1,1560,14000000
3,4,6,1970,21000000
3,3,2,1802,16000000
,,,4320,80000000
3,3,3,2500,65000000
3,2,2,1000,7300000
4,4,2,1720,14000000
3,3,2,1245,7100000
3,3,5,1200,5000000
2,2,4,925,6800000
3,3,4,1485,13200000
3,3,4,1485,13200000
7,8,6,6357,29000000
3,3,7,1200,6000000
3,3,2,1553,16500000
3,2,6,750,5200000
,,1,2945,100000000
2,2,5,650,3200000
3,3,6,1595,11232000
2,2,6,850,6000000
2,2,7,850,4800000
3,3,1,1425,8500000
2,1,5,700,3000000
3,3,2,1480,10000000
3,3,6,990,4800000
2,1,8,600,3000000
3,2,3,1050,4800000
3,3,5,1350,13000000
2,2,3,1015,6500000
2,2,5,600,2600000
3,3,5,1430,12000000
3,3,1,1690,14800000
3,3,1,1330,7900000
3,3,2,1230,7400000
3,3,7,1700,17000000
3,3,6,1300,8000000
3,2,6,1175,6300000
3,3,6,1265,8500000
3,2,7,1000,5700000
2,2,8,1100,4500000
2,2,1,1100,4500000
3,2,1,1045,11000000
3,2,6,1100,6400000
4,4,6,2100,14000000
3,3,6,1250,10800000
4,3,5,2375,22000000
3,2,1,1100,7900000
3,2,4,820,6000000
3,3,4,1125,9700000
2,3,3,1220,16300000
4,4,2,2200,16500000
2,2,3,970,4800000
3,3,1,1510,8200000
3,3,1,1235,11800000
3,2,2,950,6000000
2,2,6,1230,5000000
3,2,7,1150,6500000
3,2,7,1150,6500000
3,3,7,1150,6700000
3,3,2,1250,7600000
2,2,2,860,4900000
3,2,1,1050,6200000
4,4,10,3355,39000000
,,,3600,40000000
3,3,4,1425,8637500
3,3,1,850,7000000
3,2,1,1100,5000000
3,3,1,1100,4200000
3,3,3,1300,6500000
3,2,4,1050,5800000
3,2,2,1070,4600000
3,3,4,1230,6400000
,,8,3400,57800000
,,,2880,15000000
3,2,4,879,5274000
4,4,9,1850,17500000
3,4,3,1856,17500000
4,4,7,1650,9900000
,,2,130,4200000
2,2,4,625,2500000
3,3,8,1250,5000000
2,2,5,650,3000000
3,3,1,1350,12000000
3,3,5,1325,6500000
3,3,5,1852,21500000
3,3,1,1210,6000000
3,4,5,1654,11000000
3,3,6,1275,12500000
,,8,2600,42900000
4,4,1,1955,25237500
3,3,2,1609,12800000
3,3,1,1410,13395000
2,2,9,922,5000000
4,4,1,2450,43000000
4,5,2,2258,28000000
3,4,6,1500,12200000
3,2,4,1050,5000000
3,3,5,1872,13500000
3,2,3,935,6610000
2,2,5,750,3500000
3,2,1,963,2503800
2,2,2,951,2472600
3,3,2,1248,3244800
3,2,2,1046,2800000
3,2,4,1000,3800000
3,2,3,1050,5500000
3,3,3,1090,7085000
4,4,1,3218,27500000
4,4,8,1400,9500000
3,3,3,1400,7500000
4,4,1,3200,58000000
3,3,4,1150,7000000
3,3,3,1390,22500000
3,3,5,1383,10800000
4,3,5,1650,11000000
4,3,3,1650,11000000
4,4,4,2785,44000000
2,2,1,1070,9630000
3,3,1,1450,11000000
3,4,8,2475,23500000
3,2,3,1200,7500000
4,5,4,2535,16000000
3,3,8,1325,8000000
3,3,6,1650,8250000
3,3,4,1650,8250000
2,2,6,1130,5800000
3,3,3,1150,9500000
3,3,6,1587,15900000
3,3,4,1320,9300000
3,2,1,1100,6500000
3,3,5,1375,12100000
,,4,21500,220000000
3,2,2,900,5000000
3,3,5,1008,4838400
3,2,3,1055,5300000
3,3,5,1800,16000000
3,3,2,1250,5250000
3,3,4,2200,21000000
3,3,2,1500,12000000
3,3,5,1500,16000000
,,10,3226,30000000
2,2,3,612,2900000
2,2,1,650,4000000
3,3,4,1220,9500000
2,2,4,1020,5000000
3,3,2,1310,9825000
3,3,2,1310,12000000
2,2,4,650,2800000
2,2,4,650,2800000
3,3,1,1550,8600000
2,2,1,930,5200000
2,2,3,930,5200000
4,4,9,2400,26000000
3,3,1,1260,5796000
2,2,1,700,3500000
3,2,4,1240,8060000
3,2,4,1450,9425000
3,3,6,1254,8300000
3,3,7,1425,9975000
3,3,3,1315,7375000
3,3,8,1330,6916000
3,3,1,1400,6000000
3,4,2,1796,14000000
3,3,1,1400,8140000
3,3,3,1236,7000000
3,3,3,1150,6000000
3,2,6,1090,5500000
3,2,1,1108,5500000
2,2,4,900,5000000
3,4,4,1695,13500000
,,3,6200,155000000
4,4,8,2600,49500000
3,3,2,1252,7000000
3,3,1,1500,8250000
3,2,4,1100,6050000
3,4,6,1611,15500000
3,2,4,1050,5500000
3,3,8,1200,6000000
3,3,3,2050,19500000
2,2,4,800,4445000
3,3,7,1495,15750000
3,3,5,1475,15550000
3,3,6,1500,12800000
3,3,9,1450,8675000
3,3,7,1400,8400000
3,3,2,1180,6500000
2,2,3,780,2730000
3,2,7,1100,4950000
3,2,5,1100,4950000
3,2,4,1100,4950000
3,2,3,1100,4950000
3,2,3,1100,4950000
3,3,13,1096,6600000
3,3,3,1365,7507500
3,3,5,1365,7507500
3,3,5,1365,7507500
3,4,6,2415,25500000
2,2,3,810,3402000
3,3,3,1550,11500000
3,3,7,1050,3750000
4,4,4,4200,50400000
3,3,4,1400,6300000
3,3,9,1400,6300000
2,2,6,1000,4500000
4,3,6,1518,10000000
4,4,8,1250,12500000
4,4,5,2230,16000000
3,2,3,1200,6500000
3,3,1,1050,4500000
2,2,2,650,4225000
3,3,5,1200,5400000
3,3,6,1200,5400000
3,2,2,1100,4950000
3,3,8,1396,11500000
3,3,8,1300,7800000
3,3,7,1300,7800000
3,3,6,1100,6600000
3,3,5,1250,7000000
3,3,5,1255,6902500
3,3,3,1255,6902500
3,3,8,1270,6985000
3,3,7,1255,6902500
4,4,7,2700,27000000
4,4,4,2200,19000000
3,3,1,1150,9000000
3,3,5,1156,6800000
3,3,1,1270,6000000
2,2,6,900,5500000
2,2,6,900,5500000
3,2,3,900,6000000
3,3,5,1200,7200000
3,3,3,1200,8600000
3,3,4,1830,23000000
3,3,7,1300,7400000
3,3,8,1634,9800000
3,4,12,1950,11000000
3,3,5,1294,10000000
3,3,2,1400,8000000
2,2,5,700,4000000
3,3,5,1250,11675000
3,3,1,1250,7500000
3,3,6,1550,10850000
3,3,6,1450,10150000
2,2,2,855,4275000
,,9,2154,32310000
,,8,2154,32310000
3,3,2,1513,13500000
3,4,5,2000,20000000
3,3,,1175,9987500
3,3,3,1100,9000000
3,4,1,1637,12000000
3,3,5,1425,11500000
3,3,2,1500,12000000
4,4,3,2225,23500000
3,4,7,2255,22000000
3,3,3,1400,6300000
3,3,5,1400,6300000
2,2,2,1000,4500000
3,3,3,1090,6540000
3,3,3,1463,5852000
3,3,1,1650,7500000
3,2,3,1125,4775000
3,2,3,1125,4775000
3,2,8,1150,4870000
2,2,5,600,2600000
3,3,6,2060,18540000
3,3,1,1425,19950000
3,3,7,1280,7680000
4,4,1,2650,21000000
3,3,1,1218,11000000
3,3,5,1475,15000000
3,3,5,1500,7300000
3,3,6,1275,10600000
2,2,6,800,4000000
2,2,5,785,8250000
3,3,8,1800,16000000
3,3,5,1700,18500000
3,3,3,1125,9500000
3,2,6,1200,11500000
2,2,1,1000,7500000
3,2,1,1150,9000000
3,4,7,2200,22000000
2,3,6,850,6500000
3,3,7,1500,12000000
7,8,1,15120,85000000
3,3,4,1227,5800000
3,3,9,1625,11000000
2,2,2,900,6500000
3,3,5,1465,8600000
3,3,2,1600,12000000
3,3,4,1180,6490000
3,3,6,1215,7500000
3,3,1,1410,13395000
2,2,9,922,5000000
3,4,3,1350,12150000
3,2,1,820,3700000
3,3,2,1470,7000000
3,2,1,1090,5500000
3,3,2,1550,14500000
,,,5824,300000000
3,4,5,1654,12500000
3,2,1,1140,6100000
3,3,9,1500,10800000
4,4,5,2350,29000000
3,3,1,1950,10725000
3,3,5,1200,6600000
,,,22050,200000000
3,2,2,1185,7700000
3,3,8,1250,7000000
3,2,3,950,4400000
3,3,13,1400,8200000
3,4,7,2009,19900000
3,4,5,1575,16000000
3,3,9,1400,8140000
3,2,5,975,5000000
3,3,9,1350,6500000
3,2,4,1115,5800000
,,,3132,27000000
2,2,4,1000,6000000
3,3,9,1250,6500000
6,4,7,2829,42435000
3,3,8,1650,16000000
3,4,8,1654,9500000
4,4,8,2200,22000000
3,3,9,1245,9000000
3,2,4,915,4000000
1,1,3,250,3400000
3,2,8,1000,5500000
4,4,7,2150,18875000
4,4,8,2150,18575000
2,2,2,1200,7000000
3,3,4,1206,14000000
2,2,1,650,3200000
3,2,5,1050,4725000
2,2,1,950,4275000
4,4,12,1600,7500000
3,3,2,1873,25500000
3,3,3,1515,19900000
2,2,4,650,3500000
2,2,5,1015,6000000
3,2,7,1125,4775000
4,4,9,1900,19000000
3,2,6,1095,7500000
3,2,6,1000,7000000
2,2,5,800,4000000
3,3,8,1616,7272000
3,2,8,1140,6200000
3,3,6,1465,8800000
2,2,4,650,2400000
3,5,5,2100,29000000
2,2,5,750,4200000
4,3,7,1160,4408000
8,4,,2146,10500000
3,2,9,900,2900000
2,2,6,1050,3360000
3,3,2,1250,11500000
3,3,9,1675,9712500
3,3,1,1300,7500000
3,4,1,2787,29000000
4,4,9,5040,54000000
3,2,5,986,6200000
2,2,5,920,3300000
3,3,1,1275,8500000
3,3,6,1350,8800000
2,2,1,1000,3500000
3,3,9,1770,9000000
3,3,6,1180,5500000
4,4,3,1250,6800000
2,2,3,850,5100000
3,3,8,1220,7000000
2,2,5,850,5300000
4,4,4,2000,19000000
2,2,3,600,2300000
3,3,1,1350,12000000
2,2,4,680,4000000
3,4,2,2004,17500000
2,2,1,1330,19000000
3,4,3,1913,19700000
3,3,4,1420,11500000
3,3,6,1274,10500000
,,12,4372,65580000
18,10,,6800,79000000
3,3,4,1890,20000000
3,4,5,1500,13500000
3,3,5,2142,20500000
3,3,4,2200,21000000
3,3,2,1500,12000000
3,3,6,1250,8000000
3,3,5,1250,8000000
3,3,8,1150,8200000
3,4,2,1680,11000000
3,3,2,1400,8400000
3,3,6,1204,7500000
3,3,5,1350,9500000
4,4,5,2400,20800000
2,2,4,1050,6300000
3,2,3,1100,8500000
3,3,3,1700,13600000
3,3,3,1700,13600000
4,4,1,3660,109800000
3,3,1,1200,6700000
3,4,4,1370,9500000
3,2,1,1150,6500000
2,2,8,840,5000000
,,,3600,42000000
3,3,6,1450,9500000
,,,2160,29000000
3,2,1,1050,5500000
2,2,3,1050,5000000
2,2,5,650,3200000
3,3,3,1618,12500000
,,,3600,34000000
4,4,2,2280,25000000
3,3,6,1450,12000000
3,3,2,1290,6500000
3,3,1,1300,6000000
2,2,8,772,4300000
,,,2160,24500000
3,3,7,1495,7000000
2,2,1,650,3500000
2,2,4,650,3200000
3,3,6,1200,5500000
3,3,5,1200,5500000
3,3,1,1200,5500000
3,2,9,1120,5500000
2,2,3,800,4000000
3,2,1,1000,6000000
3,2,6,1030,6000000
3,3,9,1250,6700000
3,3,7,1105,7500000
3,3,2,2374,26500000
2,2,1,970,4000000
3,3,6,1239,11000000
2,2,5,1040,6200000
3,3,1,1350,8500000
3,3,1,1660,10500000
4,4,1,1497,9500000
3,2,4,1000,6500000
3,1,5,700,2000000
2,2,5,925,5500000
3,3,4,1250,7000000
3,3,4,1750,11000000
3,3,1,1750,16000000
3,3,7,1600,14500000
3,3,6,1350,13500000
2,2,8,852,4800000
3,3,5,1850,15725000
4,4,8,1675,11500000
3,3,2,1250,7500000
3,3,3,1250,7500000
2,2,5,700,3000000
3,3,3,1350,13500000
3,3,4,1400,8500000
2,2,2,970,8500000
4,4,10,1760,14500000
3,3,9,1360,7500000
3,3,1,1600,12800000
3,4,4,2060,32960000
3,4,2,2060,32960000
4,4,6,1960,23520000
3,3,8,1500,11500000
4,4,8,2110,28485000
2,2,5,750,2625000
4,4,2,1800,14400000
,,,2184,6000000
3,3,8,1120,5040000
3,3,12,1255,19452500
3,3,3,1250,5000000
4,4,9,2450,31000000
3,3,7,1300,11050000
3,3,6,1200,8700000
3,3,9,1450,11500000
3,3,5,1450,9500000
3,3,6,1680,8400000
3,2,3,1000,6500000
3,3,2,1100,6700000
3,3,2,1400,9200000
3,2,,950,7000000
2,2,4,950,6700000
3,3,2,1150,5750000
3,3,1,1350,10150000
4,4,6,2050,21525000
2,2,5,850,4000000
3,3,1,1120,5600000
3,3,5,1100,8000000
3,2,3,1100,4950000
3,3,2,1450,10150000
4,4,9,1940,13968000
3,3,3,1350,8000000
3,3,4,1322,9000000
4,3,1,1635,10627500
3,3,2,1850,14800000
3,3,1,1325,9275000
,,4,5000,60000000
3,3,5,1220,9500000
3,4,1,2025,19000000
3,3,8,1275,8600000
4,4,7,1570,12500000
2,2,6,800,5600000
2,2,8,950,6100000
2,2,8,1000,6500000
2,2,6,975,6300000
2,2,6,1000,6500000
2,2,3,980,5500000
2,2,3,975,6337500
3,3,2,1285,11000000
3,4,4,1610,23000000
,,,3640,24000000
2,2,4,650,2800000
3,3,1,1550,8600000
2,2,1,930,5200000
2,2,3,930,5200000
4,4,9,2400,26000000
3,3,4,1400,6300000
,,,3600,39000000
3,3,7,1310,9200000
2,2,5,850,2500000
3,2,5,1256,6500000
3,3,9,1200,6050000
3,3,9,1530,15500000
2,2,4,650,4600000
3,3,8,2150,18500000
3,4,3,1316,13500000
3,3,5,1325,6500000
3,3,5,1852,21500000
3,3,1,1210,6000000
3,4,5,1654,11000000
3,3,6,1275,12500000
,,8,2600,42900000
4,4,1,1955,25237500
3,3,2,1609,12800000
3,3,6,1500,12800000
3,3,6,1207,12870000
3,3,5,1400,6500000
3,3,4,1430,8580000
3,3,8,1310,7205000
2,2,5,650,2200000
2,2,2,850,5500000
,,10,3100,46500000
4,3,4,1600,12000000
3,3,1,1375,12000000
2,2,1,1050,5500000
,,2,130,4200000
3,3,9,1450,8675000
3,3,7,1400,8400000
3,3,2,1180,6500000
2,2,3,780,2730000
3,2,7,1100,4950000
3,2,5,1100,4950000
3,2,4,1100,4950000
3,2,3,1100,4950000
3,2,3,1100,4950000
3,3,13,1096,6600000
3,3,3,1365,7507500
3,3,5,1365,7507500
3,3,5,1365,7507500
3,4,6,2415,25500000
2,2,3,810,3402000
3,3,3,1550,11500000
3,3,7,1050,3750000
4,4,4,4200,50400000
3,3,4,1400,6300000
3,3,9,1400,6300000
2,2,6,1000,4500000
4,3,6,1518,10000000
4,4,8,1250,12500000
4,4,5,2230,16000000
3,2,3,1200,6500000
3,3,1,1050,4500000
2,2,2,650,4225000
3,3,3,1400,6300000
3,3,5,1400,6300000
2,2,2,1000,4500000
3,3,3,1090,6540000
3,3,3,1463,5852000
3,3,1,1650,7500000
3,2,3,1125,4775000
3,2,3,1125,4775000
3,2,8,1150,4870000
2,2,5,600,2600000
2,2,5,650,2200000
3,3,4,1250,9000000
3,3,6,1250,15000000
3,3,2,1350,11000000
3,3,9,1350,9000000
3,3,8,1250,7000000
4,5,7,2500,22500000
4,5,1,2380,29000000
3,3,5,1100,6100000
3,3,4,1100,6100000
4,4,6,2500,22500000
3,4,9,1900,12350000
,,1,5000,72500000
,,1,5000,72500000
,,1,1910,22920000
3,3,1,1308,6600000
,,4,2268,47000000
2,2,1,780,4000000
3,4,9,1515,12877500
,,1,2500,35000000
3,3,1,1370,8500000
3,3,5,1260,10710000
3,3,3,1500,12750000
3,3,2,1750,19200000
3,3,1,1750,19200000
3,3,6,1070,7490000
3,2,6,970,5000000
3,3,9,1475,8850000
3,2,1,900,4000000
3,3,4,1260,8000000
3,3,1,1596,10374000
3,3,2,1350,10800000
3,3,2,1657,10500000
2,2,2,980,4500000
3,3,2,1370,7800000
3,3,2,1420,10500000
4,4,8,2456,22104000
4,4,8,2500,22500000
3,3,3,1599,15990000
8,6,3,2100,5460000
3,3,1,1348,11200000
4,4,3,2225,23500000
3,4,7,2255,22000000
3,3,5,1200,5400000
3,3,6,1200,5400000
3,2,2,1100,4950000
3,3,2,1445,6936000
3,3,4,1200,5000000
3,2,8,1150,6325000
3,2,3,1150,6325000
3,3,1,1050,3750000
3,2,1,1200,5500000
4,3,1,1650,10000000
,,,89,3000000
3,3,6,1850,9800000
3,3,2,1420,8200000
2,2,4,850,3300000
3,3,7,1475,15550000
3,3,4,1375,14550000
3,2,1,1050,4410000
2,2,2,905,4072500
2,2,2,850,3825000
2,2,2,600,2880000
3,3,1,1422,9811800
3,2,6,1200,6050000
3,3,3,1470,7800000
3,3,8,1396,9674000
3,3,5,1100,6200000
,,2,1700,11600000
3,3,9,1625,11000000
2,2,2,900,6500000
3,3,5,1465,8600000
3,3,2,1600,12000000
3,3,4,1180,6490000
3,3,6,1215,7500000
2,2,6,800,4000000
2,2,5,785,8250000
3,3,8,1800,16000000
3,3,5,1700,18500000
3,3,3,1125,9500000
3,2,6,1200,11500000
2,2,1,1000,7500000
3,2,1,1150,9000000
2,2,3,800,4000000
3,2,1,1000,6000000
3,2,6,1030,6000000
3,3,9,1250,6700000
3,3,7,1105,7500000
3,3,2,2374,26500000
2,2,1,970,4000000
3,3,6,1239,11000000
2,2,5,1040,6200000
3,3,1,1350,8500000
3,3,1,1660,10500000
4,4,1,1497,9500000
,,,3600,55000000
3,3,3,1360,13900000
3,3,1,1360,8000000
4,5,2,2220,24000000
3,3,9,1100,6500000
2,2,7,930,5500000
3,4,6,2250,21500000
3,3,1,1238,11000000
3,3,3,1700,15000000
3,3,7,1120,6000000
3,3,1,1150,6000000
3,3,6,1200,6000000
3,4,5,1635,9000000
3,3,4,1445,13000000
3,3,9,1350,6500000
3,2,4,1115,5800000
,,,3132,27000000
2,2,4,1000,6000000
3,3,1,1550,12000000
3,2,9,975,4000000
4,4,8,2440,25400000
3,3,5,2700,67500000
3,3,5,2700,67500000
3,3,8,1250,7500000
3,3,8,1600,14400000
3,3,3,1600,19200000
3,3,7,1550,11500000
4,4,4,2187,39366000
3,3,7,1500,12000000
7,8,1,15120,85000000
3,3,4,1227,5800000
3,3,6,1150,6000000
2,1,4,600,2000000
3,2,3,1050,4500000
,,1,550,8000000
3,3,1,1300,6500000
3,3,5,2150,23500000
3,3,4,1335,6007500
3,3,5,1186,5337000
2,2,7,895,5500000
2,2,3,765,5207500
2,2,2,750,4000000
2,2,2,750,4000000
3,3,4,930,3900000
3,3,7,1542,8500000
2,2,5,650,2400000
3,3,8,1250,6250000
3,2,4,1250,6250000
3,3,3,1600,9500000
3,3,3,1275,5737500
2,2,6,875,4000000
,,6,3200,20000000
3,3,4,1300,6500000
3,3,7,1300,6500000
3,3,1,1180,7500000
2,2,8,956,5800000
3,2,3,1250,7500000
3,2,1,900,4320000
3,2,2,925,4440000
3,2,3,900,4320000
4,4,9,1800,9000000
3,2,3,1225,5512500
3,2,4,1100,4620000
3,2,6,1100,5800000
2,2,2,1300,6500000
3,2,6,800,5300000
2,2,5,830,4700000
,,6,4025,50000000
3,3,4,1200,7500000
3,3,6,1465,8000000
3,2,2,1050,6000000
3,3,1,1260,7000000
3,3,8,1275,7200000
2,2,2,855,4275000
,,9,2154,32310000
,,8,2154,32310000
3,3,2,1513,13500000
3,4,5,2000,20000000
3,3,,1175,9987500
3,3,3,1100,9000000
3,4,1,1637,12000000
3,3,5,1425,11500000
3,3,2,1500,12000000
2,2,3,612,2900000
2,2,1,650,4000000
3,3,4,1220,9500000
2,2,4,1020,5000000
3,3,2,1310,9825000
3,3,2,1310,12000000
2,2,4,650,2800000
4,5,5,2900,35000000
2,2,7,600,3250000
3,3,7,1125,5925000
3,4,4,2230,21200000
2,2,1,1150,8700000
3,2,3,1175,7000000
3,3,6,1040,6500000
3,3,6,2060,18540000
3,3,1,1425,19950000
3,3,7,1280,7680000
4,4,1,2650,21000000
3,3,1,1218,11000000
3,3,5,1475,15000000
3,3,5,1500,7300000
3,3,6,1275,10600000
2,2,5,1050,4800000
2,2,5,850,5500000
3,4,2,1440,7300000
2,3,5,948,7000000
3,3,9,1920,10500000
2,2,2,900,4800000
2,2,5,887,3000000
3,2,1,1245,6800000
3,2,2,1180,6500000
3,3,7,1250,8200000
3,3,3,1300,8500000
,,2,307,9210000
,,2,307,9210000
,,1,1000,35000000
3,2,8,1000,6000000
3,3,2,1265,8800000
3,3,5,1450,7000000
3,3,6,1650,13200000
3,3,2,1180,7000000
3,4,2,1650,14000000
3,3,8,1240,8700000
3,3,1,1504,7100000
2,2,5,750,4000000
2,2,7,750,3500000
,,,1980,18000000
3,5,2,1585,14000000
3,3,8,1485,13200000
3,3,5,1545,14000000
3,3,6,1050,8200000
16,10,,5600,32500000
4,4,4,1650,9500000
4,4,1,2250,21800000
,,1,3000,120000000
,,,2160,34800000
3,3,5,1350,8000000
3,3,6,1133,5200000
3,3,7,980,5500000
3,3,11,1610,13000000
3,3,3,1200,10000000
3,3,9,1120,5040000
3,3,6,1250,8625000
3,3,7,1250,8625000
,,,1050,19400000
3,2,7,1100,6500000
4,4,1,2350,19500000
2,2,5,650,3500000
2,2,5,650,3500000
3,4,5,1517,11500000
4,5,12,2200,23000000
2,2,6,700,3800000
13,10,,9900,37000000
3,3,5,1722,18200000
3,3,9,1250,7500000
3,3,4,1150,7975000
2,2,4,900,4600000
3,3,7,1050,6000000
3,3,3,1200,5000000
3,3,1,1400,12500000
3,3,5,1200,6000000
4,4,7,1740,11300000
3,3,7,1200,7700000
2,2,1,1000,3500000
3,3,9,1770,9000000
3,3,3,1250,6000000
3,3,1,1450,12000000
2,2,8,880,4400000
3,3,4,1375,8400000
3,3,11,1115,6700000
3,2,1,1000,6800000
3,2,1,820,3700000
3,3,2,1250,7000000
3,3,3,1400,7500000
4,4,1,3200,58000000
3,3,4,1150,7000000
3,2,1,1140,6100000
3,3,9,1500,10800000
3,3,4,1332,5791500
3,3,1,1332,7326000
3,2,6,1150,6500000
2,2,5,980,5390000
2,2,5,900,4950000
3,3,5,1250,6000000
3,4,4,1851,13882500
3,4,6,1700,15000000
3,3,7,1050,6300000
3,3,1,1475,15550000
3,3,3,2961,52500000
2,2,5,900,3150000
3,3,1,1459,13500000
3,3,5,1500,12500000
,,,7200,155000000
3,3,6,1350,11600000
,,,2160,21000000
,,,2880,32000000
4,4,4,1560,11200000
2,2,4,850,5000000
3,3,1,1518,12400000
2,2,3,1100,5500000
3,3,5,1250,7200000
2,2,4,850,4000000
3,3,5,1200,5800000
3,2,4,950,5200000
3,3,1,1500,11500000
3,2,5,725,4800000
3,3,5,1350,6575000
3,3,8,1245,5353500
3,3,1,1350,8500000
3,3,6,1375,7000000
2,2,3,860,4500000
3,2,6,1020,6000000
3,2,5,1050,4725000
2,2,1,950,4275000
4,4,1,2450,43000000
4,5,2,2258,28000000
3,4,6,1500,12200000
,,10,3226,30000000
3,2,4,1050,5000000
3,3,5,1872,13500000
3,2,3,935,6610000
2,2,5,750,3500000
3,2,1,963,2503800
2,2,2,951,2472600
3,3,2,1248,3244800
3,3,4,1550,12500000
1,1,3,350,5500000
3,3,8,1600,16000000
3,3,4,1600,16000000
3,3,3,1800,18000000
3,3,3,1439,13000000
3,3,3,1505,11500000
3,4,3,1605,17000000
3,3,5,1537,14500000
3,3,6,1350,9500000
3,3,2,1750,12000000
4,3,7,2000,20000000
,,2,307,9210000
,,2,307,9210000
,,1,1000,35000000
3,2,8,1000,6000000
3,3,2,1265,8800000
3,3,5,1450,7000000
2,2,7,800,3800000
3,3,1,2200,18500000
3,3,2,1350,7400000
2,2,8,840,5000000
,,,3600,42000000
3,3,6,1450,9500000
,,,2160,29000000
3,2,1,1050,5500000
2,2,3,1050,5000000
2,2,5,650,3200000
3,3,3,1618,12500000
,,,3600,34000000
4,4,2,2280,25000000
3,3,6,1450,12000000
3,3,2,1290,6500000
3,3,1,1300,6000000
2,2,8,772,4300000
,,,2160,24500000
3,3,7,1495,7000000
2,2,1,650,3500000
2,2,4,650,3200000
3,3,6,1200,5500000
3,3,5,1200,5500000
3,3,1,1200,5500000
3,3,9,1475,8850000
3,2,1,900,4000000
3,3,4,1260,8000000
3,3,1,1596,10374000
3,3,2,1350,10800000
3,3,2,1657,10500000
2,2,2,980,4500000
3,3,2,1370,7800000
3,3,2,1420,10500000
4,4,8,2456,22104000
4,4,8,2500,22500000
3,3,3,1599,15990000
3,3,2,1450,10150000
4,4,9,1940,13968000
3,3,3,1350,8000000
3,3,4,1322,9000000
4,3,1,1635,10627500
3,3,2,1850,14800000
3,3,1,1245,4500000
3,2,5,1250,4500000
3,2,4,1000,5100000
,,2,1900,23000000
3,3,4,1400,8400000
2,2,1,1265,7500000
5,4,3,2400,18000000
3,3,2,1050,10000000
3,3,3,2100,15750000
3,3,6,2100,15750000
2,2,4,800,3200000
4,4,5,2140,16000000
3,2,3,955,5000000
3,3,8,1285,7788000
3,3,1,2350,50000000
3,3,8,1412,7000000
,,,2160,18000000
2,2,1,1100,9000000
3,2,6,1125,6187500
,,2,241,4500000
3,3,4,1205,6600000
3,3,2,1220,6800000
3,4,3,1800,19000000
3,3,4,900,4050000
3,3,4,1350,7425000
,,5,11003,154000000
2,2,3,780,3120000
3,3,6,1250,9000000
2,2,9,900,4000000
2,2,2,650,2300000
3,4,4,1560,10000000
3,3,4,1133,6231500
,,4,360,3500000
3,3,1,1100,5000000
3,3,6,1390,7665000
3,3,5,1485,8167000
3,3,2,1485,8167000
3,3,2,1080,4320000
,,11,11003,154000000
3,2,5,1050,5500000
3,3,4,1300,5850000
3,3,6,1300,5460000
3,3,6,1150,6000000
2,1,4,600,2000000
3,2,3,1050,4500000
,,1,550,8000000
3,3,1,1300,6500000
3,3,5,2150,23500000
3,3,4,1335,6007500
3,3,5,1186,5337000
2,2,7,895,5500000
2,2,3,765,5207500
2,2,2,750,4000000
2,2,2,750,4000000
3,3,4,930,3900000
3,3,7,1542,8500000
2,2,5,650,2400000
3,3,8,1250,6250000
3,2,4,1250,6250000
3,3,3,1600,9500000
3,3,8,1485,8167000
3,3,5,1485,8167000
2,2,3,632,4424000
3,4,4,1560,10000000
3,3,4,1133,6231500
,,4,360,3500000
3,3,1,1100,5000000
3,3,6,1390,7665000
3,3,5,1485,8167000
3,3,2,1485,8167000
3,3,2,1080,4320000
,,11,11003,154000000
3,2,5,1050,5500000
3,3,4,1300,5850000
3,3,6,1300,5460000
3,3,4,1410,7000000
2,2,6,860,4500000
3,3,2,1254,5500000
16,10,,5200,40000000
,,3,2859,35237500
3,3,2,1195,8500000
3,4,9,1800,7500000
3,3,7,1860,12000000
3,4,1,1654,8500000
3,2,3,950,3500000
3,3,1,1360,13000000
3,3,6,1360,10000000
,,,1250,23000000
3,3,1,1332,5594400
3,4,5,2200,20000000
3,3,2,1537,14500000
3,3,6,1585,13000000
3,3,1,2000,17000000
4,4,8,2036,17000000
3,2,7,1095,7000000
3,3,3,1240,9000000
3,3,6,1500,12500000
3,2,2,1265,12650000
3,3,5,1120,6160000
3,2,5,960,3700000
3,3,2,1350,6500000
2,1,5,550,2310000
3,2,5,1075,4062500
,,1,4686,210870000
2,1,2,682,3600000
2,1,3,682,3600000
,,4,852,8094000
3,3,4,1250,10500000
3,3,2,1150,5500000
3,3,1,1550,12000000
3,2,9,975,4000000
3,2,1,900,4320000
3,2,2,925,4440000
3,2,3,900,4320000
4,4,9,1800,9000000
3,2,3,1225,5512500
3,2,4,1100,4620000
3,2,6,1100,5800000
2,2,2,1300,6500000
3,2,6,800,5300000
3,3,1,1100,5500000
4,5,5,2900,35000000
2,2,7,600,3250000
3,3,7,1125,5925000
3,4,4,2230,21200000
2,2,1,1150,8700000
3,2,3,1175,7000000
3,3,6,1040,6500000
4,4,3,2700,26500000
4,4,8,2440,25400000
3,3,5,2700,67500000
3,3,5,2700,67500000
3,3,8,1250,7500000
3,3,8,1600,14400000
3,3,3,1600,19200000
3,3,7,1550,11500000
4,4,4,2187,39366000
,,,,12500000
,,,,5700000
,,,,37500000
,,,,10000000
,,,,4100000
,,,,8500000
,,,,4000000
,,,,39000000
,,,,500000000
,,,,29300000
,,,,5020000
,,,,3000000
,,,,27500000
,,,,8500000
,,,,7500000
,,,,23000000
,,,,5368000
,,,,5500000
,,,,24100000
,,,,11700000
,,,,6265000
,,,,3000000
,,,,4500000
3,3,1,1500,15000000
3,4,7,2100,23110000
3,3,4,1725,14662500
,,,,2800000
,,,,8500000
,,,,5500000
,,,,3400000
,,,,14000000
,,,,59000000
,,,,4600000
,,,,4500000
,,,,65000000
,,,2160,25000000
3,3,1,1100,6050000
,,4,2900,101500000
,,,900,14000000
3,3,1,1600,13600000
3,2,4,945,6200000
3,3,7,1160,8000000
3,2,4,1250,7400000
,,,,4000000
,,,,3000000
,,,,6000000
,,,,4000000
,,,,8500000
,,,,11000000
,,,,39000000
,,,,500000000
,,,,29300000
,,,,7600000
,,,,40000000
,,,,24100000
,,,,11700000
,,,,6265000
,,,,6600000
,,,,37500000
,,,,5985000
,,,,22000000
,,,,7500000
3,3,2,2120,33000000
3,3,3,1431,9000000
,,,,3500000
,,,,7000000
,,,,17500000
,,,,4885000
,,,,6827500
,,,,8700000
,,,,12500000
,,,,5700000
4,4,1,3900,52000000
3,3,1,1650,9075000
4,5,5,2079,14500000
3,3,9,1644,9000000
3,3,8,2200,12000000
3,3,8,1620,13000000
3,4,7,1800,12500000
3,4,5,1800,12500000
4,4,1,3500,29000000
3,3,9,1800,12160000
3,3,5,1250,5500000
3,3,2,1806,12481000
33,10,,14740,90900000
3,3,6,1400,8200000
3,3,1,1300,5600000
3,3,6,1250,5600000
3,5,10,2000,13000000
3,3,6,1775,14200000
,,2,200,4800000
3,3,3,1750,7875000
,,1,200,5000000
,,1,240,6000000
3,3,3,1440,6500000
,,1,135,2430000
3,2,1,905,3200000
3,3,1,1280,6000000
3,3,3,1315,5260000
3,3,3,1275,5100000
3,4,1,1641,11000000
3,3,4,1275,5100000
3,3,2,1806,12481000
4,4,1,3500,29000000
3,3,6,1616,11500000
3,3,3,1300,7280000
3,3,4,1235,6500000
3,3,2,1280,7400000
2,2,5,900,3800000
3,3,6,1280,7400000
3,3,9,1800,12160000
3,3,5,1250,5500000
3,3,4,1452,9300000
3,3,1,1426,7117000
3,3,5,1500,8700000
3,3,5,1460,8100000
3,3,1,1650,9075000
3,3,4,1530,7650000
33,10,,14740,90900000
4,5,7,2540,29210000
4,5,6,2540,29210000
4,5,6,2622,30153000
4,5,4,2530,29095000
4,5,2,2530,29095000
4,5,1,2530,29095000
3,3,8,2200,12000000
3,3,8,1620,13000000
3,4,6,1800,12500000
3,4,5,1800,12500000
3,5,11,2000,13000000
3,3,1,2200,17500000
2,2,2,972,5000000
3,3,2,1450,11500000
,,2,1290,11000000
3,3,4,1320,5940000
,,4,150,1500000
,,5,200,2000000
3,3,4,1200,6500000
,,1,115,2300000
50,10,,24500,70000000
3,3,1,1365,6000000
2,2,4,1150,4600000
2,2,4,1150,4600000
2,2,5,1050,4200000
2,2,1,1150,4600000
3,3,1,1750,10000000
3,3,8,1352,6760000
3,3,8,1370,6850000
,,4,200,4600000
,,1,86,1050000
,,2,200,4800000
3,3,3,1750,7875000
,,1,200,5000000
,,1,240,6000000
3,3,3,1440,6500000
,,1,135,2430000
3,2,1,905,3200000
3,3,1,1280,6000000
3,3,7,1335,5340000
3,3,6,1325,5300000
3,3,3,1315,5260000
3,3,3,1275,5100000
3,3,4,1331,7600000
3,3,7,1230,9500000
3,3,7,1230,16605000
3,3,7,1270,17145000
3,3,3,1150,5000000
,,4,157,4082000
3,4,3,1525,14000000
,,,4320,42000000
3,3,2,2071,14459000
2,2,3,1025,5000000
2,2,9,1017,4500000
3,3,7,1200,5800000
3,3,5,1565,7260000
3,3,1,1565,7260000
3,3,2,1549,7200000
3,3,7,1600,8000000
4,4,7,1900,8930000
,,5,2000,13000000
4,6,5,3000,15000000
,,2,1500,10000000
3,3,3,1162,6972000
3,3,3,1162,6972000
3,3,4,1162,6972000
3,3,9,1665,7000000
3,3,1,1950,13000000
,,2,850,8000000
3,3,6,1340,7370000
2,2,6,900,5300000
4,4,9,2636,20560800
3,3,1,1350,6300000
3,3,9,1800,10000000
3,3,5,1685,9267500
3,3,5,1500,8250000
3,3,4,1500,8250000
3,3,6,2020,18000000
3,3,3,1750,11000000
3,3,4,1400,8500000
3,3,12,1672,14200000
3,3,1,1100,4950000
,,,205,14350000
,,,138,10350000
,,,277,16620000
,,,175,13125000
3,3,1,1230,6396000
,,,120,3000000
,,,128,3125000
,,5,7000,24500000
,,1,1160,23200000
,,,1160,29000000
,,10,6000,72000000
,,,125,3500000
3,3,1,1250,7500000
3,3,12,1355,4742500
3,3,11,1355,4742500
3,3,10,1355,4742500
3,3,6,2180,9000000
3,4,6,1800,12500000
3,4,5,1800,12500000
3,5,11,2000,13000000
3,3,1,2200,17500000
2,2,2,972,5000000
3,4,1,1860,13820000
4,4,7,1250,8600000
3,3,2,1150,7500000
3,3,3,1400,8000000
3,3,1,1324,9400000
3,3,4,1300,7200000
,,,27360,532000000
,,,1728,22000000
4,4,9,2643,23000000
,,,2880,15000000
,,1,105,3675000
,,1,110,3850000
3,3,1,1200,6000000
,,,118,2950000
3,3,1,1200,6000000
,,,200,2200000
,,4,150,3000000
,,4,156,3120000
,,4,156,3120000
,,4,156,3120000
,,3,105,3675000
4,4,4,1638,8000000
3,3,3,1550,7750000
3,3,2,1550,7750000
2,2,1,1100,4500000
4,3,5,1500,6000000
3,3,3,1350,6800000
,,6,14000,350000000
,,3,115,4025000
,,2,105,3675000
,,2,110,3850000
,,2,125,4375000
,,2,110,3850000
,,2,120,4200000
,,2,105,3675000
3,3,3,1575,9000000
3,3,4,1250,4800000
3,3,1,1400,7000000
4,4,1,3000,28000000
,,2,220,3000000
3,3,3,825,3700000
2,2,8,1007,5034000
,,2,157,5024000
,,5,120,3120000
,,5,129,3354000
3,3,5,1270,6604000
3,3,6,1400,7280000
3,3,5,1050,5250000
3,3,5,1580,7900000
3,3,5,1428,4998000
3,3,5,1408,4928000
4,4,11,1500,4950000
4,4,11,1500,4950000
3,2,4,1500,6000000
3,2,4,1600,6400000
23,10,,9150,32000000
3,3,4,1160,5220000
3,3,2,1300,7150000
3,2,4,1200,4800000
,,,118,2950000
3,3,1,1200,6000000
,,,200,2200000
,,4,150,3000000
,,4,156,3120000
,,4,156,3120000
,,4,156,3120000
,,3,105,3675000
4,4,4,1638,8000000
3,3,3,1550,7750000
3,3,2,1550,7750000
2,2,1,1100,4500000
3,3,5,1222,4888000
3,3,3,1226,4904000
3,3,5,1428,4998000
3,3,5,1408,4928000
4,4,11,1500,4950000
4,4,11,1500,4950000
3,2,4,1500,6000000
3,2,4,1600,6400000
23,10,,9150,32000000
3,3,4,1160,5220000
3,3,2,1300,7150000
3,2,4,1200,4800000
3,3,2,1550,6500000
3,3,3,1400,8000000
3,3,1,1324,9400000
3,3,4,1300,7200000
3,3,3,1575,9000000
3,3,9,1550,7500000
3,3,2,1000,5000000
,,2,200,1300000
,,2,200,1300000
3,5,2,1622,9300000
,,1,169,4725000
,,,194,5350000
3,3,6,2000,11000000
,,4,9200,65000000
3,3,7,1878,15000000
3,3,9,1635,12000000
3,3,1,1180,6490000
3,3,1,1250,7000000
,,5,110,3850000
,,4,150,3000000
3,3,3,1000,4000000
3,3,2,1400,7800000
3,3,1,1080,5700000
,,7,3001,48016000
,,12,6529,130580000
,,5,3638,65484000
3,3,6,1555,6000000
3,3,7,1644,9000000
3,3,4,1500,9000000
3,3,6,1200,4500000
3,4,3,1650,12000000
2,2,1,900,4500000
3,3,4,1325,5300000
,,,129,3725000
,,,176,4400000
,,,110,2750000
3,3,8,1775,12137500
3,3,5,1700,10500000
3,3,3,1430,8500000
3,4,1,2200,13000000
3,4,6,2000,13000000
3,2,3,1290,8000000
3,3,2,1337,7754600
3,3,1,1459,8462200
3,3,8,1360,7888000
3,3,4,1337,7754600
2,3,7,1150,6000000
4,5,10,6509,65000000
4,5,5,4509,45000000
,,4,1200,7200000
3,3,2,1397,5838000
3,4,6,1630,8500000
3,3,1,1370,6500000
3,2,1,1278,6500000
,,2,181,9500000
3,3,1,1410,7755000
3,3,9,1354,6400000
2,2,1,1013,5000000
3,3,2,1450,11500000
,,2,1290,11000000
3,3,4,1320,5940000
,,4,150,1500000
,,5,200,2000000
3,3,4,1200,6500000
,,1,115,2300000
50,10,,24500,70000000
3,3,1,1365,6000000
2,2,4,1150,4600000
2,2,4,1150,4600000
2,2,5,1050,4200000
2,2,1,1150,4600000
3,3,1,1750,10000000
3,3,8,1352,6760000
3,3,8,1370,6850000
,,4,200,4600000
,,1,86,1050000
,,4,1680,30000000
3,3,3,1545,7725000
3,3,5,1375,8562500
3,3,1,1375,8562500
3,4,1,1780,13000000
3,3,6,1400,7800000
3,3,5,1544,9264000
3,3,6,1644,9864000
3,3,8,1646,10039120
3,3,4,1340,8000000
3,3,1,2250,16000000
3,3,7,1335,5340000
3,3,6,1325,5300000
3,3,7,1600,6500000
3,3,1,1100,5500000
3,3,8,2250,12000000
,,,3600,20000000
3,3,1,1644,9864000
3,3,1,1608,8040000
3,3,2,1740,11500000
,,,5050,90000000
3,3,8,1775,12137500
3,3,5,1700,10500000
3,3,3,1430,8500000
2,2,1,900,4500000
3,3,4,1325,5300000
3,4,7,1646,11028200
,,6,10500,147000000
3,3,3,1588,9800000
3,3,7,1175,5875000
3,3,7,1545,7725000
3,3,7,1336,6680000
3,3,6,1699,8495000
3,3,6,1739,8695000
3,3,3,1440,6000000
3,3,3,1440,6192000
3,3,4,1440,6000000
3,3,2,1440,6192000
3,3,2,1440,6192000
,,,129,3725000
,,,176,4400000
,,,110,2750000
3,4,1,2200,13000000
3,4,6,2000,13000000
3,2,3,1290,8000000
3,3,2,1397,5838000
3,4,6,1630,8500000
3,3,1,1370,6500000
,,,,7500000
,,,,54235
,,,,6669
,,,,14000000
,,,,350000000
3,3,2,1314,7570000
3,3,9,1650,9675000
3,3,4,1500,11000000
3,3,2,2200,12100000
3,3,1,1206,5427000
3,4,5,1900,14100000
,,5,93,2418000
,,1,110,3850000
,,,111,3885000
2,2,5,1120,6720000
3,3,4,1700,8160000
3,3,2,1075,5052500
2,2,6,1050,4000000
,,1,138,3950000
2,2,6,864,4800000
3,3,8,1440,8200000
3,3,6,1800,15824000
3,4,5,1860,13820000
4,4,2,1841,16000000
3,3,6,1300,6200000
,,,,4800000
4,5,6,2530,29095000
4,3,9,1650,8200000
2,2,5,980,4200000
3,3,5,1305,11000000
3,3,4,1200,4500000
3,4,5,1592,8560000
3,3,6,1300,7500000
3,3,5,1262,5679000
3,3,8,1186,5337000
,,1,145,2900000
,,,,27000000
,,,,6000000
,,,,15500000
,,,2520,14500000
,,,,66
,,,,3200000
3,5,3,1592,8560000
3,2,2,1150,6200000
3,3,1,1186,5337000
2,2,6,854,4800000
3,3,6,1450,8500000
3,3,8,1340,6800000
,,2,125,4375000
,,2,115,4025000
3,3,6,1400,7700000
,,5,150,3700000
2,2,1,950,5000000
3,3,4,1700,8500000
3,3,3,1265,5500000
3,3,3,1500,8250000
3,4,7,1850,10000000
3,3,7,1253,5638500
7,8,,11000,45000000
,,6,150,3100000
3,3,6,1300,9700000
,,,,8500000
3,3,3,1320,7000000
3,3,5,1100,5500000
3,3,3,1612,12000000
3,3,7,965,5200000
3,3,7,2200,12100000
,,1,169,5175000
3,3,6,1250,7500000
3,3,1,1400,8500000
3,3,4,1200,4500000
3,4,3,2100,16000000
,,4,150,3000000
,,3,125,4375000
,,5,125,4375000
3,3,6,1600,7000000
3,3,6,1240,5000000
,,1,120,2500000
3,3,4,1050,7000000
3,3,3,1270,6604000
3,3,1,1350,6000000
4,4,1,2252,11260000
3,3,1,1350,6831000
4,5,8,2500,17500000
4,5,8,2540,29210000
4,5,8,2530,29095000
4,5,7,2622,30153000
4,5,7,2530,29095000
3,2,1,1300,5800000
3,3,7,1300,8200000
3,3,2,1600,10000000
3,3,2,1240,7000000
21,10,7,13300,105000000
4,4,1,2600,18500000
4,5,4,2410,15500000
3,2,1,850,3900000
3,3,1,1455,12500000
3,3,5,1460,8100000
3,4,4,1756,9000000
3,3,7,1580,7200000
,,11,4000,58000000
3,3,6,1744,8700000
2,2,5,966,3800000
,,,3000,30000000
3,3,5,1750,9500000
3,3,5,1459,8462200
3,3,2,1415,5820000
2,2,3,854,4500000
3,3,4,1520,16000000
3,3,5,1575,14014000
3,4,2,1485,12000000
3,3,1,1430,6600000
3,3,2,1485,8000000
3,3,7,1664,9200000
3,4,6,1800,12500000
3,5,12,2000,13000000
3,3,5,1500,6000000
3,3,6,1570,6280000
3,3,4,1570,6280000
3,3,5,1335,5340000
3,3,4,1325,5900000
,,,104,2184000
,,1,124,2232000
3,3,3,1471,6100000
21,10,1,24000,60000000
3,3,9,1692,16000000
3,3,6,1400,11200000
3,3,7,1462,9500000
3,3,1,1320,5940000
3,3,4,1320,5940000
,,4,180,1800000
,,4,200,2000000
,,,110,2750000
,,1,120,2640000
,,1,115,2300000
,,1,154,3080000
3,3,6,1400,7000000
3,3,7,1650,6600000
2,2,2,1150,4600000
,,1,175,3500000
2,2,5,1150,4600000
2,2,5,1150,4600000
2,2,6,1150,4600000
2,2,6,1150,4600000
2,2,1,1050,4200000
2,2,1,1150,4600000
,,,129,2580000
,,5,200,4600000
,,3,200,4600000
,,3,200,4600000
,,3,200,4600000
3,3,7,1744,12000000
3,4,2,2060,11500000
,,4,1400,8400000
,,4,900,5400000
3,3,3,1250,6950000
3,3,6,1530,12300000
3,3,5,1847,12000000
3,3,1,1500,8500000
,,2,1950,14625000
3,3,1,1300,10000000
3,3,1,1330,10000000
,,,1440,8000000
,,,2160,18000000
,,,256,25000000
3,3,3,1510,5285000
3,3,1,1410,8000000
3,3,1,1460,7000000
4,4,4,2500,12200000
3,3,2,2200,19000000
,,1,84,1250000
,,2,200,4800000
,,2,200,4800000
,,2,240,5760000
,,2,240,5760000
,,1,200,5000000
3,3,4,1000,5000000
,,1,120,2160000
,,1,130,2340000
3,3,1,1300,8000000
3,3,5,1500,6000000
3,3,6,1570,6280000
3,3,6,1435,5740000
3,3,6,1335,5340000
3,3,4,1570,6280000
3,3,2,1570,6280000
3,3,5,1335,5340000
3,3,4,1325,5900000
,,,104,2184000
,,1,124,2232000
,,1,159,2862000
3,3,3,1471,6100000
3,3,6,1625,7512500
3,3,1,1313,6500000
21,10,1,24000,60000000
3,3,9,1422,9811800
3,3,2,1433,9887700
3,3,2,1440,9936000
3,4,1,1510,10419000
3,3,7,1744,12000000
3,3,7,1924,19500000
3,3,8,1500,12000000
3,3,2,1644,9864000
3,4,3,1800,13000000
3,3,8,1700,8000000
2,2,14,1050,6000000
3,4,3,1760,13120000
2,2,7,900,5000000
3,3,6,1800,15824000
3,3,3,1012,4400000
3,3,1,1200,6000000
3,3,1,1720,7880000
3,3,3,1275,7393750
2,2,3,978,5500000
,,6,2500,25000000
3,3,8,1545,7725000
3,3,3,1739,8695000
3,3,3,1175,5875000
3,3,4,1175,5875000
3,3,4,1336,8000000
3,3,1,2000,16000000
3,3,1,1593,7646400
3,3,1,1699,8155200
3,3,4,1420,7810000
3,3,5,1350,6700000
3,3,1,1801,14817700
3,3,3,1390,11000000
2,2,4,1000,8000000
2,2,3,1000,8000000
3,3,5,1250,6950000
,,2,3400,19400000
,,4,444,11988000
,,4,150,3700000
,,5,130,3380000
,,5,175,4550000
,,4,135,6000000
3,3,7,1225,9500000
3,3,1,1300,10000000
3,3,1,1330,10000000
,,,1440,8000000
,,,2160,18000000
,,,7200,80000000
,,3,125,4375000
,,3,110,3850000
3,3,1,1550,7750000
,,3,120,4200000
,,3,110,3850000
,,3,120,4200000
,,2,110,3850000
,,2,115,4025000
3,3,8,1426,7130000
,,3,14528,363200000
3,3,3,1550,7750000
,,1,115,4025000
,,1,125,4375000
,,,125,3750000
,,,112,3920000
,,,125,3750000
,,,115,4025000
,,,102,3570000
,,,110,3800000
3,3,4,1200,5200000
3,3,2,1200,6000000
,,,129,3225000
3,3,5,1428,4998000
3,3,4,1400,7800000
3,2,5,1500,6000000
3,3,3,1135,3800000
3,3,2,1300,7150000
3,3,2,1550,9335000
3,3,1,1550,9335000
3,5,1,2000,6000000
3,3,9,1536,5683200
3,3,9,1550,6500000
22,10,1,8000,29500000
,,1,150,3300000
,,1,146,2920000
,,1,118,2360000
2,2,4,1120,6720000
3,3,2,1480,6660000
3,3,2,1685,9267500
3,3,1,1500,8250000
3,3,1,1685,9267500
3,3,4,1250,5000000
3,3,7,1262,5679000
3,3,7,1302,5859000
3,3,6,1302,5859000
3,3,9,1310,5500000
3,3,4,1262,5679000
3,3,2,1253,5638500
3,3,1,1253,5638500
3,3,4,1186,5337000
4,5,4,2410,15500000
3,3,4,1650,9675000
3,4,8,1572,8460000
3,3,8,1835,9800000
3,3,6,1420,7100000
4,4,9,2100,20000000
3,3,2,1336,6680000
3,2,7,1000,5500000
3,3,2,1672,13300000
3,3,1,1250,6500000
3,3,2,2200,19000000
3,3,7,1426,7500000
3,4,1,1620,10854000
3,4,3,1646,11028200
3,4,8,1620,10854000
3,4,7,1686,11296200
3,3,6,1175,5875000
3,3,4,1739,8695000
3,3,2,1440,6192000
,,,555,35000000
3,3,1,1200,5400000
,,5,4000,20000000
3,3,1,1235,6175000
2,2,4,1003,5000000
3,3,1,1103,5515000
,,5,852,3500000
2,2,5,890,3000000
3,3,5,1320,5544000
3,3,6,1270,5334000
3,3,7,1270,5334000
3,3,5,1607,13000000
3,3,7,982,3928000
2,2,7,805,3220000
3,3,1,1102,4408000
3,3,6,1250,6000000
3,3,2,1120,5040000
3,2,1,1300,5800000
3,3,7,1300,8200000
4,4,2,2961,29500000
3,3,2,1336,6680000
3,2,7,1000,5500000
3,3,2,1672,13300000
3,3,1,1250,6500000
3,3,1,1592,8560000
3,3,7,1650,9675000
2,3,1,1200,7500000
3,3,3,1270,6604000
3,3,1,1350,6000000
4,4,1,2252,11260000
3,3,1,1350,6831000
4,5,8,2500,17500000
4,5,8,2540,29210000
4,5,8,2530,29095000
4,5,7,2622,30153000
4,5,7,2530,29095000
3,4,2,1760,16000000
3,3,2,1433,7800000
3,3,2,1870,13500000
3,3,5,1595,11000000
2,2,5,815,3600000
3,3,4,1050,7000000
22,10,1,8000,29500000
,,1,150,3300000
,,1,146,2920000
,,1,118,2360000
2,2,4,1120,6720000
3,3,2,1480,6660000
3,3,2,1685,9267500
3,3,1,1500,8250000
3,3,1,1685,9267500
3,3,4,1250,5000000
3,3,7,1262,5679000
3,3,7,1302,5859000
3,3,6,1302,5859000
3,3,9,1310,5500000
3,3,4,1262,5679000
3,3,2,1253,5638500
3,3,1,1253,5638500
3,3,4,1186,5337000
3,3,4,1450,7500000
20,10,1,14400,55000000
7,8,,3888,12000000
3,3,1,2250,29000000
,,,100,3800000
,,1,163,4575000
,,1,161,4525000
,,1,122,3550000
,,11,5525,71825000
3,3,8,1645,7731500
3,2,9,1224,5100000
3,3,8,1400,7500000
3,3,7,1372,7200000
3,3,3,2000,11000000
3,3,5,2200,12100000
3,3,4,2200,12100000
3,3,4,2000,11000000
3,3,1,2000,11000000
3,3,5,1428,4998000
2,2,3,990,3960000
3,3,9,1170,4600000
,,,115,2000000
2,2,5,950,3400000
,,4,150,3000000
,,5,115,4025000
,,4,156,3120000
,,5,105,3675000
,,5,110,3850000
4,4,9,3699,33000000
2,2,7,900,5000000
3,3,6,1800,15824000
3,4,3,1760,13120000
3,3,8,1426,7130000
,,3,14528,363200000
3,3,3,1550,7750000
,,1,115,4025000
,,1,125,4375000
,,,125,3750000
,,,112,3920000
,,,125,3750000
,,,115,4025000
,,,102,3570000
,,,110,3800000
3,3,4,1200,5200000
3,3,2,1200,6000000
,,,129,3225000
,,4,150,3000000
,,4,150,3000000
,,3,125,4375000
,,3,110,3850000
3,3,1,1550,7750000
,,3,120,4200000
,,3,110,3850000
,,3,120,4200000
,,2,110,3850000
,,2,115,4025000
3,3,5,1428,4998000
3,3,4,1400,7800000
3,2,5,1500,6000000
3,3,3,1135,3800000
3,3,2,1300,7150000
3,3,2,1550,9335000
3,3,1,1550,9335000
3,5,1,2000,6000000
3,3,9,1536,5683200
3,3,9,1550,6500000
3,3,3,1012,4400000
3,3,1,1200,6000000
3,4,1,1994,15000000
3,4,2,1610,10500000
3,3,1,1720,7880000
3,3,4,1524,9500000
4,4,7,1700,9500000
3,4,5,2150,13000000
3,3,7,1450,6500000
4,4,9,2775,21645000
3,3,3,1650,6600000
3,3,5,1500,8250000
3,3,5,1400,7700000
2,2,6,874,4800000
3,3,10,1450,9000000
3,3,7,1520,10000000
3,3,1,1520,10000000
3,3,6,1425,8550000
3,4,1,1900,14250000
3,3,7,1200,5000000
2,2,5,864,4800000
2,2,5,874,4800000
3,3,10,1760,14000000
3,3,7,1607,13000000
3,3,4,1650,9075000
2,2,1,1150,5800000
,,,2520,7500000
3,3,6,1360,8000000
3,3,10,1500,10000000
3,3,1,1400,9200000
3,3,6,1324,11500000
,,,,30000000
,,,,4500000
4,5,10,2600,13500000
3,3,7,1175,4700000
3,2,5,1000,4000000
3,3,2,1400,8000000
3,3,8,1302,5859000
3,3,2,1770,7020000
,,1,190,5250000
,,1,162,4550000
3,3,6,1162,6972000
2,2,3,1140,6840000
4,5,1,2540,29210000
3,4,3,2000,13000000
3,3,8,1253,5638500
4,5,2,2500,25000000
3,3,6,1162,6972000
3,3,8,1650,9675000
3,3,5,2000,11000000
3,3,7,1300,4940000
3,3,8,1700,7000000
3,3,4,1302,5859000
3,3,8,1510,7000000
3,3,6,1550,9300000
2,2,3,1120,6720000
3,3,6,1700,7000000
3,3,2,1565,7500000
3,3,2,1275,4845000
3,3,2,1150,5200000
,,,,17716000
,,,,27500000
,,,,9000000
,,,,9800000
3,3,3,1390,11000000
,,5,120,3068000
3,3,6,1300,9700000
7,8,,7560,60000000
3,3,8,1690,8400000
3,3,7,1162,6972000
,,,600,30900000
4,3,5,1850,8500000
,,,5400,60000000
,,,,6000000
,,,,23000000
3,4,8,1592,8560000
3,3,1,1300,5600000
3,3,5,1360,7888000
,,,24480,476000000
2,2,4,1060,5500000
3,3,8,2600,25000000
3,3,6,1450,7500000
3,3,3,1305,11000000
3,3,8,2200,12100000
3,3,8,1400,8000000
,,4,150,3000000
2,2,,2160,12500000
3,3,2,1100,5500000
3,3,1,1800,8200000
3,3,1,1590,7473000
3,3,1,1375,4812500
3,3,3,1480,11000000
3,3,4,1255,10000000
2,2,3,800,3700000
,,3,125,4375000
3,3,6,1690,9119000
3,3,4,1956,10000000
3,3,8,1544,7148000
,,4,1379,20685000
4,5,1,2500,17500000
3,3,7,1365,11000000
3,3,7,1550,9300000
3,3,8,1550,9335000
3,3,5,1550,8835000
3,3,9,1275,7393750
3,3,9,1275,7393750
3,3,8,1275,7393750
3,3,7,1275,7393750
3,3,2,1500,6500000
3,3,3,1450,6400000
3,3,7,1450,6600000
3,3,6,1630,8150000
4,4,1,2500,17500000
,,2,100,2500000
3,4,5,1575,8000000
3,3,4,1100,7000000
3,3,5,1100,6500000
3,3,10,1590,10000000
3,4,1,1335,8500000
2,2,1,1000,3200000
,,1,286,7150000
3,3,2,1550,7750000
,,,163,11410000
,,,247,2964000
3,3,4,1300,6000000
4,4,4,2061,14500000
2,2,4,800,4000000
,,2,1160,29000000
,,1,1160,23200000
,,,1160,29000000
3,3,12,1520,6000000
3,3,10,1335,4672500
2,2,3,1090,4500000
3,4,12,1800,12500000
3,3,6,1462,9500000
2,3,6,1110,4995000
2,3,6,1110,4995000
2,3,2,1110,4995000
,,5,150,1500000
,,5,180,1800000
,,,115,2875000
,,1,136,2720000
,,1,115,2300000
3,3,5,1400,7000000
3,3,5,1400,7000000
,,1,180,3600000
2,2,3,1150,4600000
2,2,7,1150,4600000
2,2,7,1050,4200000
2,2,4,1050,4200000
3,3,3,1752,13064000
,,1,110,2200000
,,5,240,5520000
,,5,240,5520000
,,1,95,1240000
,,1,90,1260000
,,3,240,5520000
2,2,3,1500,6750000
,,1,200,5000000
3,3,5,1275,5100000
3,3,3,1435,5740000
3,3,5,1315,5260000
3,3,4,1335,5340000
3,3,2,1335,5340000
3,3,2,1325,5300000
,,,101,2222000
,,1,184,3312000
,,1,150,2700000
3,3,3,1470,4410000
3,3,2,1436,11500000
3,4,3,1940,16132000
3,3,6,1544,9264000
3,3,9,1544,9264000
3,3,7,1644,9864000
3,3,8,1739,8695000
3,3,4,1375,8562500
,,,555,35000000
3,3,2,1148,5592000
4,3,2,1700,12000000
3,3,3,1517,8000000
3,4,4,2280,22000000
3,2,6,1200,6800000
3,3,4,1500,11200000
3,3,4,1500,11200000
3,3,8,2000,16000000
3,5,7,2506,15000000
3,2,1,750,2500000
3,3,4,1305,6525000
3,3,3,2400,12000000
3,3,1,1100,4500000
2,2,3,1100,6600000
,,1,134,2680000
,,1,151,3020000
3,3,1,1685,9267500
3,3,1,1400,7700000
3,3,7,1150,5800000
,,7,14528,363200000
3,3,2,1080,5700000
3,2,5,1075,5500000
2,2,5,978,5000000
3,3,1,1433,7132000
3,4,7,1350,8000000
3,3,8,1665,7000000
,,1,153,10000000
,,5,2148,38664000
,,2,88,1200000
,,1,4500,55620000
3,3,3,1050,5250000
2,2,3,900,4500000
3,3,3,1466,7000000
3,3,4,1300,7200000
3,3,10,1500,8600000
2,2,9,1015,5887000
3,3,9,1459,8462200
3,3,8,1337,7754600
3,3,6,1459,8462200
3,3,3,1337,7754600
2,2,3,800,4500000
,,1,3400,19400000
3,3,11,1672,8000000
3,4,,1800,8500000
4,4,1,2500,17500000
3,3,9,1275,7393750
3,3,9,1275,7393750
3,3,8,1275,7393750
3,3,7,1275,7393750
3,3,2,1500,6500000
3,3,,6000,95000000
3,3,1,1200,4600000
4,4,2,2500,12000000
3,3,6,1430,7936000
3,3,8,1430,7936000
3,3,2,1915,11490000
3,3,2,1162,6972000
3,3,8,1162,6972000
3,3,6,1570,11000000
3,2,3,850,4000000
3,3,5,1500,9000000
3,3,6,1423,7115000
3,3,8,1835,13000000
3,4,1,1350,7500000
3,3,5,1615,11500000
3,3,6,1500,8250000
3,3,5,1685,9267500
3,3,4,1500,8250000
3,3,4,1400,7700000
3,3,4,1685,9267500
3,3,8,1580,8000000
3,3,2,1436,11500000
3,4,3,1940,16132000
3,3,4,2295,25000000
3,3,8,1487,9000000
3,3,6,1440,9936000
3,3,2,1493,9800000
3,3,2,1493,9800000
3,3,7,1537,9000000
3,4,10,1800,12500000
3,4,9,1800,12500000
3,5,9,2000,13000000
3,3,4,1305,11000000
4,5,9,2540,29210000
4,5,4,2540,29210000
3,3,9,1700,8384200
3,4,1,1335,8500000
2,2,1,1000,3200000
,,1,286,7150000
3,3,2,1550,7750000
,,,163,11410000
,,,247,2964000
3,3,4,1300,6000000
4,4,4,2061,14500000
2,2,4,800,4000000
6,6,3,3800,24000000
,,2,1160,29000000
,,1,1160,23200000
,,,1160,29000000
3,3,12,1520,6000000
3,3,10,1335,4672500
2,2,3,1090,4500000
,,,3600,15000000
3,3,1,1210,7000000
4,4,1,2200,15000000
3,3,4,1621,10500000
,,5,150,3650000
3,3,12,1400,7500000
2,2,5,600,3000000
4,4,3,2252,11260000
3,3,3,1429,8000000
7,8,4,2800,30000000
3,4,5,1800,16000000
,,1,153,10000000
,,5,2148,38664000
,,2,88,1200000
3,2,5,1075,5500000
2,2,5,978,5000000
3,3,1,1433,7132000
3,3,7,1150,5800000
2,2,3,900,4500000
,,7,14528,363200000
3,3,2,1080,5700000
3,3,3,1466,7000000
3,3,4,1300,7200000
3,3,10,1500,8600000
2,2,9,1015,5887000
3,3,9,1459,8462200
3,3,8,1337,7754600
3,3,6,1459,8462200
3,3,3,1337,7754600
2,2,3,800,4500000
,,1,3400,19400000
3,3,4,1200,8000000
3,3,2,1370,6500000
3,3,2,1162,6972000
3,3,1,1435,7000000
3,3,6,1500,8300000
3,3,8,1485,8000000
3,3,11,1350,9450000
3,3,9,1500,6000000
,,5,160,8000000
3,3,6,1254,7000000
5,5,9,2782,21699600
3,4,5,1780,10500000
3,3,1,1465,9962000
3,3,8,1727,14500000
3,4,12,1800,12500000
,,3,240,5520000
2,2,3,1500,6750000
,,1,200,5000000
3,3,5,1275,5100000
3,3,3,1435,5740000
3,3,5,1315,5260000
3,3,4,1335,5340000
3,3,2,1335,5340000
3,3,2,1325,5300000
,,,101,2222000
,,1,184,3312000
,,1,150,2700000
3,3,3,1470,4410000
3,3,2,1316,6200000
,,5,174,4700000
,,6,150,5250000
,,4,139,3614000
,,5,136,3536000
3,3,6,1400,6500000
3,3,8,1408,5632000
2,2,3,1000,4000000
3,3,7,1550,7300000
3,3,5,1244,6500000
3,3,3,1149,7500000
3,4,4,1429,8500000
,,2,136,4187500
,,1,188,5675125
,,1,141,4330000
2,2,2,969,3600000
3,3,5,1350,6075000
2,2,7,975,3705000
3,3,6,1165,4427000
3,3,7,1145,5700000
3,3,7,1145,3400000
3,3,6,1382,6800000
3,2,6,1180,6200000
3,3,1,1130,5300000
,,3,4000,20000000
,,1,105,3675000
3,3,8,1500,8700000
3,3,2,1545,7500000
,,2,14528,363200000
,,,190,16150000
3,3,1,1550,7750000
,,1,120,4200000
,,,117,4050000
,,,125,3750000
,,,120,4200000
,,,115,3450000
3,3,8,1500,8700000
,,2,136,4187500
,,1,188,5675125
,,1,141,4330000
2,2,2,969,3600000
3,3,5,1350,6075000
2,2,7,975,3705000
3,3,6,1165,4427000
3,3,7,1145,5700000
3,3,7,1145,3400000
3,3,6,1382,6800000
3,2,6,1180,6200000
3,3,1,1130,5300000
,,3,4000,20000000
,,1,105,3675000
3,3,7,1550,7300000
3,3,5,1244,6500000
3,3,9,1700,8384200
3,3,3,1400,8000000
,,2,1330,8000000
3,3,3,1149,7500000
3,4,4,1429,8500000
3,3,2,1545,7500000
,,,3600,15000000
3,3,1,1210,7000000
,,5,150,3650000
4,4,1,2200,15000000
3,3,4,1621,10500000
3,3,1,1200,4600000
,,4,222,6500000
3,3,,6000,95000000
3,4,,1800,8500000
3,3,2,1250,7000000
3,3,1,1465,9962000
3,3,8,1727,14500000
3,3,4,2295,25000000
3,3,8,1487,9000000
3,3,6,1440,9936000
3,3,2,1493,9800000
3,3,2,1493,9800000
3,3,7,1537,9000000
3,4,10,1800,12500000
3,4,9,1800,12500000
3,5,9,2000,13000000
2,2,4,1025,4500000
3,3,4,1415,6367000
3,3,4,1563,9200000
4,4,4,1700,9500000
3,4,4,2150,13000000
,,5,145,8000000
4,4,9,1800,14040000
3,4,1,1350,7500000
3,3,5,1615,11500000
3,3,6,1500,8250000
3,3,5,1685,9267500
3,3,4,1500,8250000
3,3,4,1400,7700000
3,3,4,1685,9267500
4,4,2,2500,12000000
3,3,4,1415,6367000
3,3,4,1563,9200000
4,4,4,1700,9500000
3,4,4,2150,13000000
,,5,145,8000000
4,4,9,1800,14040000
3,3,6,1500,9000000
3,4,1,1760,13120000
,,,200,13000000
3,3,3,1520,10000000
,,4,1950,10725000
,,10,10000,300000000
3,3,3,1387,8000000
3,3,12,1400,7500000
4,4,3,2252,11260000
3,3,3,1429,8000000
,,,169,4225000
7,8,4,2800,30000000
3,4,5,1800,16000000
4,3,4,1400,7000000
3,4,7,1620,10854000
3,4,8,1646,11028200
3,4,1,1686,11296200
3,3,8,1336,6680000
3,3,6,1545,7725000
3,3,5,1699,8495000
3,3,5,1545,7725000
3,3,5,1336,6680000
4,4,3,1750,9500000
3,3,4,1110,4440000
3,3,5,1545,7725000
3,3,5,1336,6680000
4,4,3,1750,9500000
3,3,5,2120,19000000
,,,,434434
,,,,15000000
,,,,3696000
,,,,4500000
,,,,6000000
,,,,566
3,3,2,1530,12000000
3,3,7,1162,6972000
3,4,7,1592,8560000
4,3,6,1873,12738000
4,4,1,1858,16000000
3,3,4,1500,11000000
3,3,3,1186,5337000
3,3,1,1300,7150000
3,3,1,1300,7150000
3,3,7,1226,7000000
2,2,6,1054,6500000
3,3,1,1415,5820000
3,3,7,1304,5998400
3,3,2,2100,16800000
,,1,115,4025000
,,1,115,1350000
,,,2160,16500000
4,3,9,1800,9000000
3,3,1,1100,7500000
3,3,2,1300,9700000
3,2,4,1162,5000000
3,3,6,1253,5638500
3,3,2,1500,8250000
,,2,90,2700000
3,3,1,1350,8000000
3,3,1,1740,12500000
4,3,6,1873,12738000
3,3,2,1300,9700000
3,3,7,1370,13200000
,,1,110,3850000
,,4,156,3120000
4,5,9,2622,30153000
4,5,9,2530,29095000
3,3,5,1331,6500000
3,3,6,1331,6500000
3,3,7,1350,7000000
4,4,5,1587,10000000
3,3,8,1305,11000000
3,3,2,1530,12000000
2,2,5,950,4000000
2,2,9,920,5800000
3,4,2,1994,15500000
3,4,10,1860,17500000
3,3,2,1320,9500000
3,4,7,1750,12250000
,,18,2038,29932000
3,3,9,1565,9000000
,,,2680,18000000
2,2,2,1013,4200000
,,5,120,4200000
,,1,105,3675000
,,3,120,4200000
3,3,1,1262,5679000
3,3,2,1600,12000000
,,3,103,3200000
,,,2160,16500000
4,3,9,1800,9000000
3,3,7,1162,6972000
3,4,7,1592,8560000
3,3,1,1100,7500000
3,3,5,1628,13000000
3,3,4,1600,10000000
2,2,2,900,4800000
3,3,4,1420,7100000
3,3,8,1632,9160000
3,2,5,1162,5000000
3,3,7,1783,11589500
5,5,2,2622,30153000
,,4,14528,350000000
3,3,4,1620,6800000
2,2,2,950,4700000
3,2,6,1050,4200000
3,4,8,1550,12000000
3,2,1,1075,6000000
3,3,5,1100,6500000
3,3,4,1100,7000000
3,4,6,1800,12000000
3,3,4,1630,8150000
3,3,3,1699,8495000
3,3,3,1336,6680000
3,4,13,1800,13450000
3,3,9,1540,7392000
3,4,8,2500,21550000
3,2,5,1500,9500000
3,3,1,1544,9264000
3,3,9,1644,9864000
,,3,147,4102625
3,3,8,2000,8500000
3,3,1,1200,7700000
3,3,10,1235,4100000
3,3,5,1252,6520000
3,3,3,1300,7150000
,,1,100,4000000
,,,125,2750000
3,3,4,1300,7800000
,,1,110,3850000
3,3,4,1300,7800000
3,3,7,2289,26000000
3,3,2,1350,9300000
3,3,7,1627,10500000
3,3,1,1490,6705000
3,4,17,1604,8822000
,,4,156,3120000
,,2,435,7000000
,,1,212,7500000
3,4,3,1301,11000000
3,3,3,1400,7700000
3,3,2,1685,9267500
3,3,2,1500,8250000
,,,1958,5500000
3,3,1,1500,8250000
3,3,3,1250,5000000
3,3,8,2420,13310000
3,3,2,1250,6500000
3,3,6,1400,10000000
3,3,8,1300,5400000
,,,100,3800000
,,,100,3800000
3,3,2,1300,7500000
3,3,5,1200,6000000
,,3,98,2000000
,,2,163,3749000
,,1,181,5025000
,,1,163,4575000
,,1,123,3575000
,,1,153,4325000
,,,126,3650000
,,12,2609,33917000
3,3,7,2000,11000000
3,3,1,2200,12100000
3,3,10,1500,9000000
4,4,2,1700,9500000
3,3,2,1157,4049500
3,3,9,1388,5552000
3,3,7,1790,7518000
4,4,12,1500,4950000
3,3,8,1700,7000000
3,3,6,1700,7000000
3,3,2,1300,7150000
3,3,6,1313,7200000
3,3,10,1235,4100000
3,3,3,1300,7150000
,,,125,2750000
3,3,4,2000,10500000
3,3,8,1410,8800000
4,5,5,2750,20000000
3,3,8,1800,9500000
3,3,3,1338,12000000
3,3,5,1500,9500000
3,3,7,1640,11000000
3,3,4,1950,18000000
3,3,1,1433,9887700
3,3,7,1150,5500000
,,1,85,1100000
,,1,240,6000000
2,2,6,850,3200000
3,3,4,1100,5000000
,,1,126,2268000
,,1,178,2848000
3,3,8,1505,6500000
3,3,2,1435,5740000
3,3,3,1570,6280000
3,3,4,1315,5260000
3,3,3,1580,13500000
,,1,702,12636000
3,4,11,1800,12500000
3,5,11,2000,13000000
3,5,9,2000,13000000
3,3,2,1544,9264000
3,3,4,1544,9264000
2,3,2,1200,6000000
3,3,1,1200,6000000
3,3,1,1200,6000000
,,3,115,4025000
,,3,105,3675000
,,3,105,3675000
,,3,110,3850000
,,3,125,4375000
,,2,110,3850000
3,3,6,1392,8500000
3,3,6,1180,7500000
3,3,1,1320,6000000
3,3,2,1320,5940000
,,1,105,2100000
,,1,115,2320000
,,1,122,2440000
,,1,148,3600000
,,1,125,2500000
2,2,2,1150,4600000
2,2,3,1150,4600000
3,3,4,1650,6600000
2,2,3,1050,4200000
3,3,5,1035,4347000
27,10,5,12000,130000000
,,5,240,5520000
,,4,200,4600000
,,4,240,5520000
,,4,240,5520000
,,1,105,3675000
3,3,5,1295,6500000
3,3,7,1057,5250000
3,3,9,1450,5800000
3,3,5,1445,5750000
3,3,10,1450,5900000
3,3,5,1390,5282000
3,3,11,1390,5282000
3,3,7,1445,5650000
3,3,9,1380,5520000
3,3,8,1547,5878600
3,4,8,1265,5692500
3,3,7,1438,5033000
3,3,6,1350,4725000
2,2,1,1050,4410000
3,3,6,1500,5700000
3,3,8,1250,4375000
3,3,13,1500,6010000
2,2,4,1080,3780000
3,3,7,1380,5244000
3,3,7,1547,6190000
3,2,8,1030,3914000
3,3,7,1450,5510000
3,3,5,1438,5033000
3,2,4,1010,3535000
3,3,4,1350,5805000
3,3,8,1450,5510000
3,3,8,1500,5750000
3,3,9,1013,5000000
3,3,6,1013,5000000
3,3,9,1200,5500000
3,2,8,1100,6000000
3,3,10,1390,5600000
3,2,5,1080,4800000
3,3,9,1183,5800000
,,,,5674000
3,3,9,1375,5500000
3,3,6,1260,4536000
3,3,8,1380,5520000
3,3,8,1445,5780000
3,3,1,1445,5780000
2,2,7,1020,3570000
3,3,4,1190,5260000
3,3,4,1400,4900000
3,3,8,1265,5060000
3,3,9,1500,6000000
,,1,1000,5000000
3,3,9,1316,5658800
3,3,6,1380,5244000
3,3,6,1470,5586000
3,3,6,1470,5586000
3,3,7,1265,5186500
2,2,7,1020,4080000
3,2,8,1100,4400000
3,3,6,1358,5160000
3,3,7,1470,5590000
3,3,9,1220,4636000
3,3,1,1330,5320000
2,2,6,1080,3800000
3,3,7,1450,5510000
3,3,9,1028,5100000
2,2,6,915,4700000
3,3,2,1239,6700000
3,2,8,1260,6800000
3,2,7,1050,5500000
3,2,7,1100,6000000
,,,,4205000
,,,,6400000
,,,,50000000
3,3,11,1500,6000000
3,3,12,1550,6510000
3,3,6,1500,6000000
,,,,5642000
3,3,8,1500,6000000
3,3,8,1547,6965000
3,3,3,1415,5660000
3,3,9,1390,5560000
3,3,6,1500,6000000
3,3,7,1390,5282000
3,3,2,1415,5665000
3,3,8,1470,5880000
3,3,8,1350,7300000
3,3,8,1327,6900000
3,2,7,1151,6000000
3,2,8,1180,6400000
3,3,6,1390,5282000
3,3,8,1400,4900000
3,3,9,1233,5301900
2,2,4,1050,4200000
3,3,7,1300,5200000
3,3,9,1300,4940000
3,3,7,1445,5780000
3,3,5,1415,5650000
3,3,9,1470,5880000
2,2,8,985,3940000
3,3,6,1450,5510000
3,3,6,1375,5250000
3,3,9,1450,5800000
3,2,6,1080,4100000
2,2,7,1000,3800000
2,2,7,897,3139500
3,3,7,1358,4753000
3,3,7,1375,5225000
3,3,8,1415,5660000
3,3,12,1550,6505000
2,2,7,915,4700000
,,,,3047000
,,,,4123500
3,3,9,1547,6188000
3,3,4,1445,5775000
3,3,7,1175,5000000
3,3,11,1239,6700000
2,2,3,750,3000000
3,3,13,1547,6961000
3,3,13,1500,6000000
3,3,11,1550,6500000
3,3,11,1550,6510000
3,3,9,1500,6000000
3,3,3,1350,5130000
3,3,9,1380,5520000
3,3,8,1390,5560000
3,3,7,1200,4750000
3,3,11,1470,5586000
3,3,2,1400,5320000
3,3,4,1350,4725000
2,2,6,900,3150000
3,3,5,1350,5130000
3,3,10,1547,5878000
2,2,5,1080,3780000
3,3,11,1550,6500000
3,3,11,1550,6510000
3,3,9,1500,6000000
3,3,3,1350,5130000
3,2,8,1025,5500000
3,3,9,1200,5500000
3,3,9,1380,5520000
3,3,8,1390,5560000
3,3,1,1415,5660000
3,3,3,1445,5785000
3,3,11,1450,5900000
2,2,8,985,3940000
3,3,7,1013,5000000
2,2,8,1050,4200000
2,2,8,1020,4080000
2,2,7,1050,4200000
2,2,1,1050,4410000
2,2,7,1020,4080000
3,2,8,1050,6000000
3,2,6,1380,6500000
2,2,7,981,5500000
3,3,6,1050,8000000
,,4,130,5000000
3,3,8,1050,3990000
,,,195840,157500000
,,,,25000000
,,,,27570000
3,3,8,1350,4500000
3,3,9,1174,4696000
3,3,7,1240,4960000
3,3,8,1240,4960000
2,2,9,1000,4300000
3,3,2,1440,5900000
3,3,1,1380,5000000
3,3,9,1380,5000000
3,3,5,1185,4740000
,,4,130,5000000
,,4,130,5000000
2,1,1,800,1760000
2,1,3,800,1760000
3,3,6,1050,3990000
,,,43200,15000000
15,10,,6300,17500000
3,3,3,1259,4900000
,,,7200,9000000
3,3,2,1000,4000000
3,3,3,1000,4000000
,,,174240,120000000
2,2,4,1000,4300000
3,3,7,1259,4900000
3,2,5,1080,4320000
3,2,7,1032,3600000
,,,7200,9000000
3,3,2,1000,4000000
3,3,3,1000,4000000
,,,174240,120000000
2,2,4,1000,4300000
3,2,5,1080,4320000
3,3,6,1240,4960000
3,3,6,1240,4960000
3,3,7,1240,4960000
3,3,8,1240,4960000
3,3,9,1240,4960000
3,3,4,1240,4960000
3,3,9,1300,5200000
3,3,9,1300,5200000
,,,3600,6000000
3,3,8,1300,5200000
3,3,2,1300,5200000
3,3,6,1350,4500000
3,3,9,1350,4500000
3,3,6,1240,4960000
,,,,60000000
,,,1440,3000000
3,3,6,1300,5200000
3,3,8,1240,4960000
,,,5868,5400000
3,2,9,920,3220000
3,3,8,1240,4960000
2,1,,700,2240000
2,1,1,800,2560000
2,1,3,800,2560000
3,2,6,950,2950000
,,4,120,5000000
,,4,130,5000000
3,3,8,1000,3800000
3,3,6,1000,3800000
,,4,130,5000000
,,4,130,5000000
,,4,130,5000000
3,2,6,920,3220000
3,2,7,920,3220000
3,2,8,920,3220000
2,2,5,1000,4300000
2,2,7,1000,4300000
2,2,4,950,3800000
3,2,4,1080,4320000
3,2,4,1080,4320000
3,2,6,1080,4320000
3,2,6,1080,4320000
2,2,7,950,3800000
3,2,7,1080,4320000
,,,24436,22100000
3,3,1,1000,4000000
3,3,9,1300,5200000
3,3,8,1350,4500000
3,3,5,1300,5200000
3,3,5,1300,5200000
3,3,7,1300,5200000
3,3,5,1350,4500000
3,3,7,1350,4500000
3,3,4,1240,4960000
3,2,3,1150,4500000
2,1,,700,2240000
2,1,1,800,2560000
2,1,3,800,2560000
,,,,10000000
,,,118080,272000000
3,3,5,1240,4960000
,,,4320,10500000
3,3,8,1240,4960000
3,2,7,920,3220000
,,,2160,1500000
3,2,7,920,3220000
,,,2160,5500000
3,3,9,1259,4900000
,,,108000,112500000
3,2,2,1200,3300000
3,3,7,1300,5200000
3,3,8,1300,5200000
3,3,8,1300,5200000
3,3,6,1300,5200000
3,3,7,1300,5200000
3,3,8,1300,5200000
3,3,3,1300,5200000
3,3,5,1350,4500000
3,3,6,1350,4500000
3,3,7,1350,4500000
3,3,7,1240,4960000
3,3,9,1240,4960000
2,2,9,1000,4300000
2,2,6,950,3800000
3,3,9,1185,4740000
,,3,6500,182000000
3,3,3,1100,4000000
2,2,8,1000,4300000
2,2,8,1000,4300000
2,2,4,1000,4300000
2,2,6,1000,4300000
,,,2880,4000000
3,2,6,920,3220000
3,2,8,920,3220000
,,4,130,5000000
4,4,2,2000,4400000
2,1,3,700,2240000
3,3,8,1028,3906400
3,3,8,1200,4900000
2,2,2,773,2800000
,,4,120,5000000
3,3,4,1000,3800000
3,3,8,1004,3815200
2,2,3,710,2000000
3,3,,1500,6000000
,,,,4043820
3,3,8,1174,4696000
3,3,8,1259,4900000
3,2,7,920,3220000
,,,2160,9000000
3,2,7,1080,4320000
,,,3240,4200000
,,4,120,5000000
,,4,120,5000000
3,3,6,1004,3815200
3,3,6,1028,3906400
3,2,8,920,3220000
3,3,7,1259,4900000
3,3,9,1259,4900000
3,2,5,1080,4320000
3,3,8,1285,4112000
2,1,,720,2600000
3,3,3,1000,4000000
3,3,1,1000,4000000
,,,14400,8000000
,,,5400,4400000
3,3,8,1350,4500000
3,3,9,1350,4500000
3,3,4,1300,5200000
3,3,4,1300,5200000
3,3,4,1350,4500000
3,3,5,1240,4960000
3,3,7,1240,4960000
3,3,8,1240,4960000
3,3,9,1240,4960000
3,2,9,920,3220000
3,2,9,920,3220000
3,3,7,1185,4740000
,,,,3357750
3,3,8,1350,4500000
2,2,7,1000,4300000
3,3,9,1240,4960000
3,3,9,1300,5200000
3,3,8,1350,4500000
